2026-09-26T11:56:41.657551Z  INFO herdr::api::server: api server listening path=/home/tylerkilburn/.config/herdr/herdr.sock
2026-09-26T11:56:41.658314Z  INFO herdr::persist::io: session file is missing event="persist.restore" subsystem="persist" outcome="missing" path=/home/tylerkilburn/.config/herdr/session.json
2026-09-26T11:56:41.658327Z  INFO herdr::app: using pane scrollback configuration pane_scrollback_limit_bytes=10000000
2026-09-26T11:56:41.699568Z  INFO herdr::logging: checking for updates event="update.check.start" subsystem="update" outcome="started"
2026-09-26T11:56:41.699822Z  INFO herdr::logging: spawning pane terminal event="pane.spawn.start" subsystem="pane" outcome="started" pane_id=1 rows=40 cols=120 scrollback_limit_bytes=10000000
2026-09-26T11:56:41.700403Z  INFO herdr::logging: pane child spawned event="pane.spawned" subsystem="pane" outcome="ok" pane_id=1 pid=5237
2026-09-26T11:56:41.700477Z  INFO herdr::logging: workspace created event="workspace.create" subsystem="workspace" outcome="ok" workspace_id="w1" pane_id=1
2026-09-26T11:56:41.700480Z  INFO herdr::logging: workspace focused event="workspace.focus" subsystem="workspace" outcome="ok" workspace_id="w1"
2026-09-26T11:56:41.700482Z  INFO herdr::logging: tab focused event="tab.focus" subsystem="tab" outcome="ok" workspace_id="w1" tab_id="w1:t1"
2026-09-26T11:56:41.700484Z  INFO herdr::server::headless::bootstrap: created startup workspace cwd=/home/tylerkilburn
2026-09-26T11:56:41.700516Z  INFO herdr::server::headless: client protocol socket listening path=/home/tylerkilburn/.config/herdr/herdr-client.sock
2026-09-26T11:56:41.700530Z  INFO herdr::server::headless::bootstrap: herdr server started api_socket=/home/tylerkilburn/.config/herdr/herdr.sock client_socket=/home/tylerkilburn/.config/herdr/herdr-client.sock
2026-09-26T11:56:41.700640Z  INFO herdr::logging: herdr starting event="app.startup" subsystem="server" outcome="started" pid=5202
2026-09-26T11:56:41.748347Z  INFO herdr::server::headless: client connected client_id=2 cols=170 rows=49 cell_width_px=13 cell_height_px=27 surface_active=true render_encoding=SemanticFrame
2026-09-26T11:56:46.701312Z  INFO herdr::logging: session saved event="persist.save" subsystem="persist" outcome="ok" path=/home/tylerkilburn/.config/herdr/session.json workspaces=1
2026-09-26T11:57:37.316962Z  INFO herdr::logging: tab focused event="tab.focus" subsystem="tab" outcome="ok" workspace_id="w1" tab_id="w1:t1"
2026-09-26T11:57:42.319094Z  INFO herdr::logging: session saved event="persist.save" subsystem="persist" outcome="ok" path=/home/tylerkilburn/.config/herdr/session.json workspaces=1
2026-09-26T11:58:20.301575Z  INFO herdr::logging: pane child exited event="pane.exit" subsystem="pane" outcome="completed" pane_id=1 status="ExitStatus { code: 0, signal: None }"
2026-09-26T11:58:20.301725Z  INFO herdr::pane: pane session terminated pane=1 pid=5237 signal=Hangup
2026-09-26T11:58:20.301934Z  INFO herdr::logging: spawning pane terminal event="pane.spawn.start" subsystem="pane" outcome="started" pane_id=2 rows=49 cols=170 scrollback_limit_bytes=10000000
2026-09-26T11:58:20.302802Z  INFO herdr::logging: pane child spawned event="pane.spawned" subsystem="pane" outcome="ok" pane_id=2 pid=6645
2026-09-26T11:58:20.302910Z  INFO herdr::logging: workspace created event="workspace.create" subsystem="workspace" outcome="ok" workspace_id="w2" pane_id=2
2026-09-26T11:58:20.302914Z  INFO herdr::logging: workspace focused event="workspace.focus" subsystem="workspace" outcome="ok" workspace_id="w2"
2026-09-26T11:58:20.302916Z  INFO herdr::logging: tab focused event="tab.focus" subsystem="tab" outcome="ok" workspace_id="w2" tab_id="w2:t1"
2026-09-26T11:58:25.318733Z  INFO herdr::logging: session saved event="persist.save" subsystem="persist" outcome="ok" path=/home/tylerkilburn/.config/herdr/session.json workspaces=1
2026-09-26T11:59:11.645501Z  INFO herdr::logging: pane child exited event="pane.exit" subsystem="pane" outcome="completed" pane_id=2 status="ExitStatus { code: 0, signal: None }"
2026-09-26T11:59:11.645598Z  INFO herdr::pane: pane session terminated pane=2 pid=6645 signal=Hangup
2026-09-26T11:59:11.645783Z  INFO herdr::logging: spawning pane terminal event="pane.spawn.start" subsystem="pane" outcome="started" pane_id=3 rows=49 cols=170 scrollback_limit_bytes=10000000
2026-09-26T11:59:11.646620Z  INFO herdr::logging: pane child spawned event="pane.spawned" subsystem="pane" outcome="ok" pane_id=3 pid=7934
2026-09-26T11:59:11.646735Z  INFO herdr::logging: workspace created event="workspace.create" subsystem="workspace" outcome="ok" workspace_id="w3" pane_id=3
2026-09-26T11:59:11.646737Z  INFO herdr::logging: workspace focused event="workspace.focus" subsystem="workspace" outcome="ok" workspace_id="w3"
2026-09-26T11:59:11.646739Z  INFO herdr::logging: tab focused event="tab.focus" subsystem="tab" outcome="ok" workspace_id="w3" tab_id="w3:t1"
2026-09-26T11:59:13.356225Z  INFO herdr::logging: pane child exited event="pane.exit" subsystem="pane" outcome="completed" pane_id=3 status="ExitStatus { code: 0, signal: None }"
2026-09-26T11:59:13.356387Z  INFO herdr::pane: pane session terminated pane=3 pid=7934 signal=Hangup
2026-09-26T11:59:13.356470Z  INFO herdr::logging: spawning pane terminal event="pane.spawn.start" subsystem="pane" outcome="started" pane_id=4 rows=49 cols=170 scrollback_limit_bytes=10000000
2026-09-26T11:59:13.357333Z  INFO herdr::logging: pane child spawned event="pane.spawned" subsystem="pane" outcome="ok" pane_id=4 pid=7994
2026-09-26T11:59:13.357409Z  INFO herdr::logging: workspace created event="workspace.create" subsystem="workspace" outcome="ok" workspace_id="w4" pane_id=4
2026-09-26T11:59:13.357411Z  INFO herdr::logging: workspace focused event="workspace.focus" subsystem="workspace" outcome="ok" workspace_id="w4"
2026-09-26T11:59:13.357412Z  INFO herdr::logging: tab focused event="tab.focus" subsystem="tab" outcome="ok" workspace_id="w4" tab_id="w4:t1"
2026-09-26T11:59:18.373472Z  INFO herdr::logging: session saved event="persist.save" subsystem="persist" outcome="ok" path=/home/tylerkilburn/.config/herdr/session.json workspaces=1
2026-09-26T11:59:20.620202Z  INFO herdr::server::headless: client detached client_id=2
2026-09-26T12:01:25.763867Z  INFO herdr::server::headless: client connected client_id=4 cols=170 rows=50 cell_width_px=13 cell_height_px=27 surface_active=true render_encoding=SemanticFrame
2026-09-26T12:01:27.705084Z  INFO herdr::logging: pane child exited event="pane.exit" subsystem="pane" outcome="completed" pane_id=4 status="ExitStatus { code: 0, signal: None }"
2026-09-26T12:01:27.705147Z  INFO herdr::pane: pane session terminated pane=4 pid=7994 signal=Hangup
2026-09-26T12:01:27.705300Z  INFO herdr::logging: spawning pane terminal event="pane.spawn.start" subsystem="pane" outcome="started" pane_id=5 rows=50 cols=170 scrollback_limit_bytes=10000000
2026-09-26T12:01:27.706124Z  INFO herdr::logging: pane child spawned event="pane.spawned" subsystem="pane" outcome="ok" pane_id=5 pid=10834
2026-09-26T12:01:27.706246Z  INFO herdr::logging: workspace created event="workspace.create" subsystem="workspace" outcome="ok" workspace_id="w5" pane_id=5
2026-09-26T12:01:27.706249Z  INFO herdr::logging: workspace focused event="workspace.focus" subsystem="workspace" outcome="ok" workspace_id="w5"
2026-09-26T12:01:27.706251Z  INFO herdr::logging: tab focused event="tab.focus" subsystem="tab" outcome="ok" workspace_id="w5" tab_id="w5:t1"
2026-09-26T12:01:30.646561Z  INFO herdr::logging: pane child exited event="pane.exit" subsystem="pane" outcome="completed" pane_id=5 status="ExitStatus { code: 0, signal: None }"
2026-09-26T12:01:30.646660Z  INFO herdr::pane: pane session terminated pane=5 pid=10834 signal=Hangup
2026-09-26T12:01:30.646780Z  INFO herdr::logging: spawning pane terminal event="pane.spawn.start" subsystem="pane" outcome="started" pane_id=6 rows=50 cols=170 scrollback_limit_bytes=10000000
2026-09-26T12:01:30.647578Z  INFO herdr::logging: pane child spawned event="pane.spawned" subsystem="pane" outcome="ok" pane_id=6 pid=10875
2026-09-26T12:01:30.647662Z  INFO herdr::logging: workspace created event="workspace.create" subsystem="workspace" outcome="ok" workspace_id="w6" pane_id=6
2026-09-26T12:01:30.647669Z  INFO herdr::logging: workspace focused event="workspace.focus" subsystem="workspace" outcome="ok" workspace_id="w6"
2026-09-26T12:01:30.647671Z  INFO herdr::logging: tab focused event="tab.focus" subsystem="tab" outcome="ok" workspace_id="w6" tab_id="w6:t1"
2026-09-26T12:01:33.458470Z  INFO herdr::logging: pane child exited event="pane.exit" subsystem="pane" outcome="completed" pane_id=6 status="ExitStatus { code: 0, signal: None }"
2026-09-26T12:01:33.458522Z  INFO herdr::pane: pane session terminated pane=6 pid=10875 signal=Hangup
2026-09-26T12:01:33.458711Z  INFO herdr::logging: spawning pane terminal event="pane.spawn.start" subsystem="pane" outcome="started" pane_id=7 rows=50 cols=170 scrollback_limit_bytes=10000000
2026-09-26T12:01:33.459651Z  INFO herdr::logging: pane child spawned event="pane.spawned" subsystem="pane" outcome="ok" pane_id=7 pid=10918
2026-09-26T12:01:33.459749Z  INFO herdr::logging: workspace created event="workspace.create" subsystem="workspace" outcome="ok" workspace_id="w7" pane_id=7
2026-09-26T12:01:33.459752Z  INFO herdr::logging: workspace focused event="workspace.focus" subsystem="workspace" outcome="ok" workspace_id="w7"
2026-09-26T12:01:33.459754Z  INFO herdr::logging: tab focused event="tab.focus" subsystem="tab" outcome="ok" workspace_id="w7" tab_id="w7:t1"
2026-09-26T12:01:38.477053Z  INFO herdr::logging: session saved event="persist.save" subsystem="persist" outcome="ok" path=/home/tylerkilburn/.config/herdr/session.json workspaces=1
2026-09-26T12:05:16.631757Z  INFO herdr::logging: pane child exited event="pane.exit" subsystem="pane" outcome="completed" pane_id=7 status="ExitStatus { code: 0, signal: None }"
2026-09-26T12:05:16.631843Z  INFO herdr::pane: pane session terminated pane=7 pid=10918 signal=Hangup
2026-09-26T12:05:16.632016Z  INFO herdr::logging: spawning pane terminal event="pane.spawn.start" subsystem="pane" outcome="started" pane_id=8 rows=50 cols=170 scrollback_limit_bytes=10000000
2026-09-26T12:05:16.632810Z  INFO herdr::logging: pane child spawned event="pane.spawned" subsystem="pane" outcome="ok" pane_id=8 pid=12022
2026-09-26T12:05:16.632916Z  INFO herdr::logging: workspace created event="workspace.create" subsystem="workspace" outcome="ok" workspace_id="w8" pane_id=8
2026-09-26T12:05:16.632920Z  INFO herdr::logging: workspace focused event="workspace.focus" subsystem="workspace" outcome="ok" workspace_id="w8"
2026-09-26T12:05:16.632923Z  INFO herdr::logging: tab focused event="tab.focus" subsystem="tab" outcome="ok" workspace_id="w8" tab_id="w8:t1"
2026-09-26T12:05:19.763176Z  INFO herdr::server::headless: client detached client_id=4
2026-09-26T12:05:21.649560Z  INFO herdr::logging: session saved event="persist.save" subsystem="persist" outcome="ok" path=/home/tylerkilburn/.config/herdr/session.json workspaces=1
2026-09-26T12:05:31.953169Z  INFO herdr::server::headless: client connected client_id=6 cols=170 rows=50 cell_width_px=13 cell_height_px=27 surface_active=true render_encoding=SemanticFrame
2026-09-26T12:08:55.832536Z  INFO herdr::logging: spawning pane terminal event="pane.spawn.start" subsystem="pane" outcome="started" pane_id=9 rows=50 cols=170 scrollback_limit_bytes=10000000
2026-09-26T12:08:55.833447Z  INFO herdr::logging: pane child spawned event="pane.spawned" subsystem="pane" outcome="ok" pane_id=9 pid=13477
2026-09-26T12:08:55.833544Z  INFO herdr::logging: tab focused event="tab.focus" subsystem="tab" outcome="ok" workspace_id="w8" tab_id="w8:t2"
2026-09-26T12:09:00.837292Z  INFO herdr::logging: session saved event="persist.save" subsystem="persist" outcome="ok" path=/home/tylerkilburn/.config/herdr/session.json workspaces=1
2026-09-26T12:09:29.800359Z  INFO herdr::logging: tab focused event="tab.focus" subsystem="tab" outcome="ok" workspace_id="w8" tab_id="w8:t1"
2026-09-26T12:09:29.800401Z  INFO herdr::logging: tab focused event="tab.focus" subsystem="tab" outcome="ok" workspace_id="w8" tab_id="w8:t1"
2026-09-26T12:09:34.802380Z  INFO herdr::logging: session saved event="persist.save" subsystem="persist" outcome="ok" path=/home/tylerkilburn/.config/herdr/session.json workspaces=1
2026-09-26T12:10:26.891030Z  INFO herdr::logging: tab focused event="tab.focus" subsystem="tab" outcome="ok" workspace_id="w8" tab_id="w8:t2"
2026-09-26T12:10:26.891070Z  INFO herdr::logging: tab focused event="tab.focus" subsystem="tab" outcome="ok" workspace_id="w8" tab_id="w8:t2"
2026-09-26T12:10:28.471500Z  INFO herdr::logging: tab focused event="tab.focus" subsystem="tab" outcome="ok" workspace_id="w8" tab_id="w8:t1"
2026-09-26T12:10:28.471527Z  INFO herdr::logging: tab focused event="tab.focus" subsystem="tab" outcome="ok" workspace_id="w8" tab_id="w8:t1"
2026-09-26T12:10:32.340439Z  INFO herdr::logging: tab focused event="tab.focus" subsystem="tab" outcome="ok" workspace_id="w8" tab_id="w8:t2"
2026-09-26T12:10:32.340466Z  INFO herdr::logging: tab focused event="tab.focus" subsystem="tab" outcome="ok" workspace_id="w8" tab_id="w8:t2"
2026-09-26T12:10:37.342197Z  INFO herdr::logging: session saved event="persist.save" subsystem="persist" outcome="ok" path=/home/tylerkilburn/.config/herdr/session.json workspaces=1
2026-09-26T12:12:35.865803Z  INFO herdr::server::headless: client detached client_id=6
2026-09-26T12:12:41.643779Z  INFO herdr::server::headless: client connected client_id=8 cols=170 rows=50 cell_width_px=13 cell_height_px=27 surface_active=true render_encoding=SemanticFrame
2026-09-26T12:13:46.549965Z  INFO herdr::server::headless: client detached client_id=8
2026-09-26T12:13:50.318999Z  INFO herdr::server::headless: client connected client_id=10 cols=170 rows=50 cell_width_px=13 cell_height_px=27 surface_active=true render_encoding=SemanticFrame
2026-09-26T12:14:07.510803Z  INFO herdr::server::headless: client detached client_id=10
2026-09-26T12:14:11.029541Z  INFO herdr::server::headless: client connected client_id=12 cols=170 rows=50 cell_width_px=13 cell_height_px=27 surface_active=true render_encoding=SemanticFrame
2026-09-26T12:14:29.541878Z  INFO herdr::server::headless: client detached client_id=12
2026-09-26T12:14:32.558268Z  INFO herdr::server::headless: client connected client_id=14 cols=170 rows=50 cell_width_px=13 cell_height_px=27 surface_active=true render_encoding=SemanticFrame
2026-09-26T12:14:38.566245Z  INFO herdr::logging: tab focused event="tab.focus" subsystem="tab" outcome="ok" workspace_id="w8" tab_id="w8:t1"
2026-09-26T12:14:38.566277Z  INFO herdr::logging: tab focused event="tab.focus" subsystem="tab" outcome="ok" workspace_id="w8" tab_id="w8:t1"
2026-09-26T12:14:39.275126Z  INFO herdr::logging: tab focused event="tab.focus" subsystem="tab" outcome="ok" workspace_id="w8" tab_id="w8:t2"
2026-09-26T12:14:39.275151Z  INFO herdr::logging: tab focused event="tab.focus" subsystem="tab" outcome="ok" workspace_id="w8" tab_id="w8:t2"
2026-09-26T12:14:40.174026Z  INFO herdr::logging: tab focused event="tab.focus" subsystem="tab" outcome="ok" workspace_id="w8" tab_id="w8:t1"
2026-09-26T12:14:40.174051Z  INFO herdr::logging: tab focused event="tab.focus" subsystem="tab" outcome="ok" workspace_id="w8" tab_id="w8:t1"
2026-09-26T12:14:41.740332Z  INFO herdr::logging: tab focused event="tab.focus" subsystem="tab" outcome="ok" workspace_id="w8" tab_id="w8:t2"
2026-09-26T12:14:41.740360Z  INFO herdr::logging: tab focused event="tab.focus" subsystem="tab" outcome="ok" workspace_id="w8" tab_id="w8:t2"
2026-09-26T12:14:46.741829Z  INFO herdr::logging: session saved event="persist.save" subsystem="persist" outcome="ok" path=/home/tylerkilburn/.config/herdr/session.json workspaces=1
2026-09-26T12:18:16.204314Z  INFO herdr::logging: spawning pane terminal event="pane.spawn.start" subsystem="pane" outcome="started" pane_id=10 rows=50 cols=170 scrollback_limit_bytes=10000000
2026-09-26T12:18:16.205350Z  INFO herdr::logging: pane child spawned event="pane.spawned" subsystem="pane" outcome="ok" pane_id=10 pid=16052
2026-09-26T12:18:16.205453Z  INFO herdr::logging: tab focused event="tab.focus" subsystem="tab" outcome="ok" workspace_id="w8" tab_id="w8:t2"
2026-09-26T12:18:21.209254Z  INFO herdr::logging: session saved event="persist.save" subsystem="persist" outcome="ok" path=/home/tylerkilburn/.config/herdr/session.json workspaces=1
2026-09-26T12:18:28.785260Z  INFO herdr::logging: spawning pane terminal event="pane.spawn.start" subsystem="pane" outcome="started" pane_id=11 rows=25 cols=170 scrollback_limit_bytes=10000000
2026-09-26T12:18:28.786231Z  INFO herdr::logging: pane child spawned event="pane.spawned" subsystem="pane" outcome="ok" pane_id=11 pid=16121
2026-09-26T12:18:28.786314Z  INFO herdr::logging: tab focused event="tab.focus" subsystem="tab" outcome="ok" workspace_id="w8" tab_id="w8:t2"
2026-09-26T12:18:33.788742Z  INFO herdr::logging: session saved event="persist.save" subsystem="persist" outcome="ok" path=/home/tylerkilburn/.config/herdr/session.json workspaces=1
2026-09-26T12:18:34.341505Z  INFO herdr::logging: spawning pane terminal event="pane.spawn.start" subsystem="pane" outcome="started" pane_id=12 rows=25 cols=170 scrollback_limit_bytes=10000000
2026-09-26T12:18:34.342476Z  INFO herdr::logging: pane child spawned event="pane.spawned" subsystem="pane" outcome="ok" pane_id=12 pid=16174
2026-09-26T12:18:34.342560Z  INFO herdr::logging: tab focused event="tab.focus" subsystem="tab" outcome="ok" workspace_id="w8" tab_id="w8:t2"
2026-09-26T12:18:38.643499Z  INFO herdr::logging: pane child exited event="pane.exit" subsystem="pane" outcome="completed" pane_id=12 status="ExitStatus { code: 0, signal: None }"
2026-09-26T12:18:38.643618Z  INFO herdr::pane: pane session terminated pane=12 pid=16174 signal=Hangup
2026-09-26T12:18:43.652195Z  INFO herdr::logging: session saved event="persist.save" subsystem="persist" outcome="ok" path=/home/tylerkilburn/.config/herdr/session.json workspaces=1
2026-09-26T12:18:47.744556Z  INFO herdr::logging: tab focused event="tab.focus" subsystem="tab" outcome="ok" workspace_id="w8" tab_id="w8:t2"
2026-09-26T12:18:48.328606Z  INFO herdr::logging: tab focused event="tab.focus" subsystem="tab" outcome="ok" workspace_id="w8" tab_id="w8:t2"
2026-09-26T12:18:48.678025Z  INFO herdr::logging: tab focused event="tab.focus" subsystem="tab" outcome="ok" workspace_id="w8" tab_id="w8:t2"
2026-09-26T12:18:49.121574Z  INFO herdr::logging: tab focused event="tab.focus" subsystem="tab" outcome="ok" workspace_id="w8" tab_id="w8:t1"
2026-09-26T12:18:49.121601Z  INFO herdr::logging: tab focused event="tab.focus" subsystem="tab" outcome="ok" workspace_id="w8" tab_id="w8:t1"
2026-09-26T12:18:54.122896Z  INFO herdr::logging: session saved event="persist.save" subsystem="persist" outcome="ok" path=/home/tylerkilburn/.config/herdr/session.json workspaces=1
2026-09-26T12:18:56.840422Z  INFO herdr::logging: tab focused event="tab.focus" subsystem="tab" outcome="ok" workspace_id="w8" tab_id="w8:t2"
2026-09-26T12:18:56.840483Z  INFO herdr::logging: tab focused event="tab.focus" subsystem="tab" outcome="ok" workspace_id="w8" tab_id="w8:t2"
2026-09-26T12:18:58.653018Z  INFO herdr::logging: tab focused event="tab.focus" subsystem="tab" outcome="ok" workspace_id="w8" tab_id="w8:t2"
2026-09-26T12:18:59.161888Z  INFO herdr::logging: tab focused event="tab.focus" subsystem="tab" outcome="ok" workspace_id="w8" tab_id="w8:t2"
2026-09-26T12:18:59.830819Z  INFO herdr::logging: tab focused event="tab.focus" subsystem="tab" outcome="ok" workspace_id="w8" tab_id="w8:t2"
2026-09-26T12:19:00.548036Z  INFO herdr::logging: tab focused event="tab.focus" subsystem="tab" outcome="ok" workspace_id="w8" tab_id="w8:t2"
2026-09-26T12:19:01.280228Z  INFO herdr::logging: tab focused event="tab.focus" subsystem="tab" outcome="ok" workspace_id="w8" tab_id="w8:t2"
2026-09-26T12:19:02.008254Z  INFO herdr::logging: tab focused event="tab.focus" subsystem="tab" outcome="ok" workspace_id="w8" tab_id="w8:t2"
2026-09-26T12:19:02.614955Z  INFO herdr::logging: tab focused event="tab.focus" subsystem="tab" outcome="ok" workspace_id="w8" tab_id="w8:t2"
2026-09-26T12:19:03.231109Z  INFO herdr::logging: tab focused event="tab.focus" subsystem="tab" outcome="ok" workspace_id="w8" tab_id="w8:t2"
2026-09-26T12:19:08.232945Z  INFO herdr::logging: session saved event="persist.save" subsystem="persist" outcome="ok" path=/home/tylerkilburn/.config/herdr/session.json workspaces=1
2026-09-26T12:19:08.893904Z  INFO herdr::logging: tab focused event="tab.focus" subsystem="tab" outcome="ok" workspace_id="w8" tab_id="w8:t2"
2026-09-26T12:19:13.896147Z  INFO herdr::logging: session saved event="persist.save" subsystem="persist" outcome="ok" path=/home/tylerkilburn/.config/herdr/session.json workspaces=1
2026-09-26T12:19:30.774537Z  INFO herdr::logging: tab focused event="tab.focus" subsystem="tab" outcome="ok" workspace_id="w8" tab_id="w8:t2"
2026-09-26T12:19:32.040662Z  INFO herdr::logging: pane child exited event="pane.exit" subsystem="pane" outcome="completed" pane_id=10 status="ExitStatus { code: 0, signal: None }"
2026-09-26T12:19:32.040775Z  INFO herdr::pane: pane session terminated pane=10 pid=16052 signal=Hangup
2026-09-26T12:19:33.868544Z  INFO herdr::logging: tab focused event="tab.focus" subsystem="tab" outcome="ok" workspace_id="w8" tab_id="w8:t1"
2026-09-26T12:19:33.868583Z  INFO herdr::logging: tab focused event="tab.focus" subsystem="tab" outcome="ok" workspace_id="w8" tab_id="w8:t1"
2026-09-26T12:19:34.868416Z  INFO herdr::logging: tab focused event="tab.focus" subsystem="tab" outcome="ok" workspace_id="w8" tab_id="w8:t2"
2026-09-26T12:19:34.868462Z  INFO herdr::logging: tab focused event="tab.focus" subsystem="tab" outcome="ok" workspace_id="w8" tab_id="w8:t2"
2026-09-26T12:19:36.897515Z  INFO herdr::logging: tab focused event="tab.focus" subsystem="tab" outcome="ok" workspace_id="w8" tab_id="w8:t2"
2026-09-26T12:19:38.091914Z  INFO herdr::logging: pane child exited event="pane.exit" subsystem="pane" outcome="completed" pane_id=11 status="ExitStatus { code: 0, signal: None }"
2026-09-26T12:19:38.091998Z  INFO herdr::pane: pane session terminated pane=11 pid=16121 signal=Hangup
2026-09-26T12:19:43.094985Z  INFO herdr::logging: session saved event="persist.save" subsystem="persist" outcome="ok" path=/home/tylerkilburn/.config/herdr/session.json workspaces=1
2026-09-26T12:19:59.329784Z  INFO herdr::logging: tab focused event="tab.focus" subsystem="tab" outcome="ok" workspace_id="w8" tab_id="w8:t1"
2026-09-26T12:19:59.329820Z  INFO herdr::logging: tab focused event="tab.focus" subsystem="tab" outcome="ok" workspace_id="w8" tab_id="w8:t1"
2026-09-26T12:20:04.338686Z  INFO herdr::logging: session saved event="persist.save" subsystem="persist" outcome="ok" path=/home/tylerkilburn/.config/herdr/session.json workspaces=1
2026-09-26T12:20:05.514252Z  INFO herdr::logging: tab focused event="tab.focus" subsystem="tab" outcome="ok" workspace_id="w8" tab_id="w8:t2"
2026-09-26T12:20:05.514297Z  INFO herdr::logging: tab focused event="tab.focus" subsystem="tab" outcome="ok" workspace_id="w8" tab_id="w8:t2"
2026-09-26T12:20:10.515591Z  INFO herdr::logging: session saved event="persist.save" subsystem="persist" outcome="ok" path=/home/tylerkilburn/.config/herdr/session.json workspaces=1
2026-09-26T12:20:23.815571Z  INFO herdr::logging: spawning pane terminal event="pane.spawn.start" subsystem="pane" outcome="started" pane_id=13 rows=50 cols=170 scrollback_limit_bytes=10000000
2026-09-26T12:20:23.816671Z  INFO herdr::logging: pane child spawned event="pane.spawned" subsystem="pane" outcome="ok" pane_id=13 pid=16678
2026-09-26T12:20:23.816771Z  INFO herdr::logging: tab focused event="tab.focus" subsystem="tab" outcome="ok" workspace_id="w8" tab_id="w8:t2"
2026-09-26T12:20:28.820227Z  INFO herdr::logging: session saved event="persist.save" subsystem="persist" outcome="ok" path=/home/tylerkilburn/.config/herdr/session.json workspaces=1
2026-09-26T12:20:34.082842Z  INFO herdr::logging: pane child exited event="pane.exit" subsystem="pane" outcome="completed" pane_id=13 status="ExitStatus { code: 0, signal: None }"
2026-09-26T12:20:34.082942Z  INFO herdr::pane: pane session terminated pane=13 pid=16678 signal=Hangup
2026-09-26T12:20:34.582758Z  INFO herdr::logging: spawning pane terminal event="pane.spawn.start" subsystem="pane" outcome="started" pane_id=14 rows=50 cols=170 scrollback_limit_bytes=10000000
2026-09-26T12:20:34.583768Z  INFO herdr::logging: pane child spawned event="pane.spawned" subsystem="pane" outcome="ok" pane_id=14 pid=16752
2026-09-26T12:20:34.583834Z  INFO herdr::logging: tab focused event="tab.focus" subsystem="tab" outcome="ok" workspace_id="w8" tab_id="w8:t2"
2026-09-26T12:20:36.156882Z  INFO herdr::logging: spawning pane terminal event="pane.spawn.start" subsystem="pane" outcome="started" pane_id=15 rows=50 cols=85 scrollback_limit_bytes=10000000
2026-09-26T12:20:36.157906Z  INFO herdr::logging: pane child spawned event="pane.spawned" subsystem="pane" outcome="ok" pane_id=15 pid=16798
2026-09-26T12:20:36.157980Z  INFO herdr::logging: tab focused event="tab.focus" subsystem="tab" outcome="ok" workspace_id="w8" tab_id="w8:t2"
2026-09-26T12:20:41.167926Z  INFO herdr::logging: session saved event="persist.save" subsystem="persist" outcome="ok" path=/home/tylerkilburn/.config/herdr/session.json workspaces=1
2026-09-26T12:20:42.085865Z  INFO herdr::logging: pane child exited event="pane.exit" subsystem="pane" outcome="completed" pane_id=15 status="ExitStatus { code: 0, signal: None }"
2026-09-26T12:20:42.085931Z  INFO herdr::pane: pane session terminated pane=15 pid=16798 signal=Hangup
2026-09-26T12:20:42.441776Z  INFO herdr::logging: spawning pane terminal event="pane.spawn.start" subsystem="pane" outcome="started" pane_id=16 rows=50 cols=85 scrollback_limit_bytes=10000000
2026-09-26T12:20:42.442781Z  INFO herdr::logging: pane child spawned event="pane.spawned" subsystem="pane" outcome="ok" pane_id=16 pid=16869
2026-09-26T12:20:42.442860Z  INFO herdr::logging: tab focused event="tab.focus" subsystem="tab" outcome="ok" workspace_id="w8" tab_id="w8:t2"
2026-09-26T12:20:44.169312Z  INFO herdr::logging: pane child exited event="pane.exit" subsystem="pane" outcome="completed" pane_id=16 status="ExitStatus { code: 0, signal: None }"
2026-09-26T12:20:44.169421Z  INFO herdr::pane: pane session terminated pane=16 pid=16869 signal=Hangup
2026-09-26T12:20:44.882539Z  INFO herdr::logging: spawning pane terminal event="pane.spawn.start" subsystem="pane" outcome="started" pane_id=17 rows=50 cols=85 scrollback_limit_bytes=10000000
2026-09-26T12:20:44.883649Z  INFO herdr::logging: pane child spawned event="pane.spawned" subsystem="pane" outcome="ok" pane_id=17 pid=16917
2026-09-26T12:20:44.883735Z  INFO herdr::logging: tab focused event="tab.focus" subsystem="tab" outcome="ok" workspace_id="w8" tab_id="w8:t2"
2026-09-26T12:20:47.278349Z  INFO herdr::logging: spawning pane terminal event="pane.spawn.start" subsystem="pane" outcome="started" pane_id=18 rows=50 cols=85 scrollback_limit_bytes=10000000
2026-09-26T12:20:47.279495Z  INFO herdr::logging: pane child spawned event="pane.spawned" subsystem="pane" outcome="ok" pane_id=18 pid=16984
2026-09-26T12:20:47.279586Z  INFO herdr::logging: tab focused event="tab.focus" subsystem="tab" outcome="ok" workspace_id="w8" tab_id="w8:t2"
2026-09-26T12:20:52.282307Z  INFO herdr::logging: session saved event="persist.save" subsystem="persist" outcome="ok" path=/home/tylerkilburn/.config/herdr/session.json workspaces=1
2026-09-26T12:20:53.769563Z  INFO herdr::logging: tab focused event="tab.focus" subsystem="tab" outcome="ok" workspace_id="w8" tab_id="w8:t1"
2026-09-26T12:20:53.769597Z  INFO herdr::logging: tab focused event="tab.focus" subsystem="tab" outcome="ok" workspace_id="w8" tab_id="w8:t1"
2026-09-26T12:20:54.776365Z  INFO herdr::logging: tab focused event="tab.focus" subsystem="tab" outcome="ok" workspace_id="w8" tab_id="w8:t2"
2026-09-26T12:20:54.776392Z  INFO herdr::logging: tab focused event="tab.focus" subsystem="tab" outcome="ok" workspace_id="w8" tab_id="w8:t2"
2026-09-26T12:20:58.919448Z  INFO herdr::logging: spawning pane terminal event="pane.spawn.start" subsystem="pane" outcome="started" pane_id=19 rows=50 cols=170 scrollback_limit_bytes=10000000
2026-09-26T12:20:58.920572Z  INFO herdr::logging: pane child spawned event="pane.spawned" subsystem="pane" outcome="ok" pane_id=19 pid=17101
2026-09-26T12:20:58.920666Z  INFO herdr::logging: tab focused event="tab.focus" subsystem="tab" outcome="ok" workspace_id="w8" tab_id="w8:t2"
2026-09-26T12:21:00.957462Z  INFO herdr::logging: pane child exited event="pane.exit" subsystem="pane" outcome="completed" pane_id=19 status="ExitStatus { code: 0, signal: None }"
2026-09-26T12:21:00.957541Z  INFO herdr::pane: pane session terminated pane=19 pid=17101 signal=Hangup
2026-09-26T12:21:05.958879Z  INFO herdr::logging: session saved event="persist.save" subsystem="persist" outcome="ok" path=/home/tylerkilburn/.config/herdr/session.json workspaces=1
2026-09-26T12:21:07.942699Z  INFO herdr::logging: tab focused event="tab.focus" subsystem="tab" outcome="ok" workspace_id="w8" tab_id="w8:t2"
2026-09-26T12:21:08.428455Z  INFO herdr::logging: tab focused event="tab.focus" subsystem="tab" outcome="ok" workspace_id="w8" tab_id="w8:t2"
2026-09-26T12:21:10.261732Z  INFO herdr::logging: pane child exited event="pane.exit" subsystem="pane" outcome="completed" pane_id=14 status="ExitStatus { code: 0, signal: None }"
2026-09-26T12:21:10.261788Z  INFO herdr::pane: pane session terminated pane=14 pid=16752 signal=Hangup
2026-09-26T12:21:14.030484Z  INFO herdr::logging: tab focused event="tab.focus" subsystem="tab" outcome="ok" workspace_id="w8" tab_id="w8:t1"
2026-09-26T12:21:14.030524Z  INFO herdr::logging: tab focused event="tab.focus" subsystem="tab" outcome="ok" workspace_id="w8" tab_id="w8:t1"
2026-09-26T12:21:14.933664Z  INFO herdr::logging: tab focused event="tab.focus" subsystem="tab" outcome="ok" workspace_id="w8" tab_id="w8:t2"
2026-09-26T12:21:14.933719Z  INFO herdr::logging: tab focused event="tab.focus" subsystem="tab" outcome="ok" workspace_id="w8" tab_id="w8:t2"
2026-09-26T12:21:16.585812Z  INFO herdr::logging: tab focused event="tab.focus" subsystem="tab" outcome="ok" workspace_id="w8" tab_id="w8:t2"
2026-09-26T12:21:17.087670Z  INFO herdr::logging: tab focused event="tab.focus" subsystem="tab" outcome="ok" workspace_id="w8" tab_id="w8:t2"
2026-09-26T12:21:19.396094Z  INFO herdr::logging: pane child exited event="pane.exit" subsystem="pane" outcome="completed" pane_id=18 status="ExitStatus { code: 0, signal: None }"
2026-09-26T12:21:19.396175Z  INFO herdr::pane: pane session terminated pane=18 pid=16984 signal=Hangup
2026-09-26T12:21:20.782518Z  INFO herdr::logging: pane child exited event="pane.exit" subsystem="pane" outcome="completed" pane_id=17 status="ExitStatus { code: 127, signal: None }"
2026-09-26T12:21:20.782641Z  INFO herdr::pane: pane session terminated pane=17 pid=16917 signal=Hangup
2026-09-26T12:21:25.784605Z  INFO herdr::logging: session saved event="persist.save" subsystem="persist" outcome="ok" path=/home/tylerkilburn/.config/herdr/session.json workspaces=1
2026-09-26T12:21:27.599095Z  INFO herdr::logging: spawning pane terminal event="pane.spawn.start" subsystem="pane" outcome="started" pane_id=20 rows=50 cols=170 scrollback_limit_bytes=10000000
2026-09-26T12:21:27.600079Z  INFO herdr::logging: pane child spawned event="pane.spawned" subsystem="pane" outcome="ok" pane_id=20 pid=17232
2026-09-26T12:21:27.600164Z  INFO herdr::logging: tab focused event="tab.focus" subsystem="tab" outcome="ok" workspace_id="w8" tab_id="w8:t2"
2026-09-26T12:21:29.123583Z  INFO herdr::logging: pane child exited event="pane.exit" subsystem="pane" outcome="completed" pane_id=20 status="ExitStatus { code: 0, signal: None }"
2026-09-26T12:21:29.123639Z  INFO herdr::pane: pane session terminated pane=20 pid=17232 signal=Hangup
2026-09-26T12:21:29.807049Z  INFO herdr::logging: spawning pane terminal event="pane.spawn.start" subsystem="pane" outcome="started" pane_id=21 rows=50 cols=170 scrollback_limit_bytes=10000000
2026-09-26T12:21:29.808057Z  INFO herdr::logging: pane child spawned event="pane.spawned" subsystem="pane" outcome="ok" pane_id=21 pid=17279
2026-09-26T12:21:29.808136Z  INFO herdr::logging: tab focused event="tab.focus" subsystem="tab" outcome="ok" workspace_id="w8" tab_id="w8:t2"
2026-09-26T12:21:32.441068Z  INFO herdr::logging: pane child exited event="pane.exit" subsystem="pane" outcome="completed" pane_id=21 status="ExitStatus { code: 0, signal: None }"
2026-09-26T12:21:32.441147Z  INFO herdr::pane: pane session terminated pane=21 pid=17279 signal=Hangup
2026-09-26T12:21:33.029947Z  INFO herdr::logging: spawning pane terminal event="pane.spawn.start" subsystem="pane" outcome="started" pane_id=22 rows=50 cols=170 scrollback_limit_bytes=10000000
2026-09-26T12:21:33.031057Z  INFO herdr::logging: pane child spawned event="pane.spawned" subsystem="pane" outcome="ok" pane_id=22 pid=17335
2026-09-26T12:21:33.031145Z  INFO herdr::logging: tab focused event="tab.focus" subsystem="tab" outcome="ok" workspace_id="w8" tab_id="w8:t2"
2026-09-26T12:21:34.542225Z  INFO herdr::logging: pane child exited event="pane.exit" subsystem="pane" outcome="completed" pane_id=22 status="ExitStatus { code: 0, signal: None }"
2026-09-26T12:21:34.542299Z  INFO herdr::pane: pane session terminated pane=22 pid=17335 signal=Hangup
2026-09-26T12:21:35.108353Z  INFO herdr::logging: spawning pane terminal event="pane.spawn.start" subsystem="pane" outcome="started" pane_id=23 rows=50 cols=170 scrollback_limit_bytes=10000000
2026-09-26T12:21:35.109440Z  INFO herdr::logging: pane child spawned event="pane.spawned" subsystem="pane" outcome="ok" pane_id=23 pid=17380
2026-09-26T12:21:35.109525Z  INFO herdr::logging: tab focused event="tab.focus" subsystem="tab" outcome="ok" workspace_id="w8" tab_id="w8:t2"
2026-09-26T12:21:37.136217Z  INFO herdr::logging: pane child exited event="pane.exit" subsystem="pane" outcome="completed" pane_id=23 status="ExitStatus { code: 0, signal: None }"
2026-09-26T12:21:37.136373Z  INFO herdr::pane: pane session terminated pane=23 pid=17380 signal=Hangup
2026-09-26T12:21:37.757412Z  INFO herdr::logging: spawning pane terminal event="pane.spawn.start" subsystem="pane" outcome="started" pane_id=24 rows=50 cols=170 scrollback_limit_bytes=10000000
2026-09-26T12:21:37.758459Z  INFO herdr::logging: pane child spawned event="pane.spawned" subsystem="pane" outcome="ok" pane_id=24 pid=17429
2026-09-26T12:21:37.764173Z  INFO herdr::logging: tab focused event="tab.focus" subsystem="tab" outcome="ok" workspace_id="w8" tab_id="w8:t2"
2026-09-26T12:21:39.696875Z  INFO herdr::logging: pane child exited event="pane.exit" subsystem="pane" outcome="completed" pane_id=24 status="ExitStatus { code: 0, signal: None }"
2026-09-26T12:21:39.696964Z  INFO herdr::pane: pane session terminated pane=24 pid=17429 signal=Hangup
2026-09-26T12:21:41.314526Z  INFO herdr::logging: spawning pane terminal event="pane.spawn.start" subsystem="pane" outcome="started" pane_id=25 rows=50 cols=170 scrollback_limit_bytes=10000000
2026-09-26T12:21:41.315555Z  INFO herdr::logging: pane child spawned event="pane.spawned" subsystem="pane" outcome="ok" pane_id=25 pid=17479
2026-09-26T12:21:41.315619Z  INFO herdr::logging: tab focused event="tab.focus" subsystem="tab" outcome="ok" workspace_id="w8" tab_id="w8:t2"
2026-09-26T12:21:43.677789Z  INFO herdr::logging: pane child exited event="pane.exit" subsystem="pane" outcome="completed" pane_id=25 status="ExitStatus { code: 0, signal: None }"
2026-09-26T12:21:43.677880Z  INFO herdr::pane: pane session terminated pane=25 pid=17479 signal=Hangup
2026-09-26T12:21:48.680441Z  INFO herdr::logging: session saved event="persist.save" subsystem="persist" outcome="ok" path=/home/tylerkilburn/.config/herdr/session.json workspaces=1
2026-09-26T12:21:59.815176Z  INFO herdr::logging: tab focused event="tab.focus" subsystem="tab" outcome="ok" workspace_id="w8" tab_id="w8:t1"
2026-09-26T12:21:59.815320Z  INFO herdr::logging: tab focused event="tab.focus" subsystem="tab" outcome="ok" workspace_id="w8" tab_id="w8:t1"
2026-09-26T12:22:00.694145Z  INFO herdr::logging: tab focused event="tab.focus" subsystem="tab" outcome="ok" workspace_id="w8" tab_id="w8:t2"
2026-09-26T12:22:00.694177Z  INFO herdr::logging: tab focused event="tab.focus" subsystem="tab" outcome="ok" workspace_id="w8" tab_id="w8:t2"
2026-09-26T12:22:04.190552Z  INFO herdr::logging: tab focused event="tab.focus" subsystem="tab" outcome="ok" workspace_id="w8" tab_id="w8:t1"
2026-09-26T12:22:04.190590Z  INFO herdr::logging: tab focused event="tab.focus" subsystem="tab" outcome="ok" workspace_id="w8" tab_id="w8:t1"
2026-09-26T12:22:05.115459Z  INFO herdr::logging: tab focused event="tab.focus" subsystem="tab" outcome="ok" workspace_id="w8" tab_id="w8:t2"
2026-09-26T12:22:05.115494Z  INFO herdr::logging: tab focused event="tab.focus" subsystem="tab" outcome="ok" workspace_id="w8" tab_id="w8:t2"
2026-09-26T12:22:06.344493Z  INFO herdr::logging: tab focused event="tab.focus" subsystem="tab" outcome="ok" workspace_id="w8" tab_id="w8:t1"
2026-09-26T12:22:06.344547Z  INFO herdr::logging: tab focused event="tab.focus" subsystem="tab" outcome="ok" workspace_id="w8" tab_id="w8:t1"
2026-09-26T12:22:08.439379Z  INFO herdr::logging: tab focused event="tab.focus" subsystem="tab" outcome="ok" workspace_id="w8" tab_id="w8:t2"
2026-09-26T12:22:08.439409Z  INFO herdr::logging: tab focused event="tab.focus" subsystem="tab" outcome="ok" workspace_id="w8" tab_id="w8:t2"
2026-09-26T12:22:10.437318Z  INFO herdr::logging: tab focused event="tab.focus" subsystem="tab" outcome="ok" workspace_id="w8" tab_id="w8:t1"
2026-09-26T12:22:10.437373Z  INFO herdr::logging: tab focused event="tab.focus" subsystem="tab" outcome="ok" workspace_id="w8" tab_id="w8:t1"
2026-09-26T12:22:15.438394Z  INFO herdr::logging: session saved event="persist.save" subsystem="persist" outcome="ok" path=/home/tylerkilburn/.config/herdr/session.json workspaces=1
2026-09-26T12:22:18.873753Z  INFO herdr::logging: tab focused event="tab.focus" subsystem="tab" outcome="ok" workspace_id="w8" tab_id="w8:t1"
2026-09-26T12:22:23.874885Z  INFO herdr::logging: session saved event="persist.save" subsystem="persist" outcome="ok" path=/home/tylerkilburn/.config/herdr/session.json workspaces=1
2026-09-26T12:22:24.536924Z  INFO herdr::logging: tab focused event="tab.focus" subsystem="tab" outcome="ok" workspace_id="w8" tab_id="w8:t1"
2026-09-26T12:22:25.781859Z  INFO herdr::logging: tab focused event="tab.focus" subsystem="tab" outcome="ok" workspace_id="w8" tab_id="w8:t2"
2026-09-26T12:22:25.781892Z  INFO herdr::logging: tab focused event="tab.focus" subsystem="tab" outcome="ok" workspace_id="w8" tab_id="w8:t2"
2026-09-26T12:22:28.557272Z  INFO herdr::logging: tab focused event="tab.focus" subsystem="tab" outcome="ok" workspace_id="w8" tab_id="w8:t1"
2026-09-26T12:22:28.557300Z  INFO herdr::logging: tab focused event="tab.focus" subsystem="tab" outcome="ok" workspace_id="w8" tab_id="w8:t1"
2026-09-26T12:22:33.558263Z  INFO herdr::logging: session saved event="persist.save" subsystem="persist" outcome="ok" path=/home/tylerkilburn/.config/herdr/session.json workspaces=1
2026-09-26T12:23:02.486844Z  INFO herdr::logging: spawning pane terminal event="pane.spawn.start" subsystem="pane" outcome="started" pane_id=26 rows=50 cols=170 scrollback_limit_bytes=10000000
2026-09-26T12:23:02.488007Z  INFO herdr::logging: pane child spawned event="pane.spawned" subsystem="pane" outcome="ok" pane_id=26 pid=17913
2026-09-26T12:23:02.488103Z  INFO herdr::logging: tab focused event="tab.focus" subsystem="tab" outcome="ok" workspace_id="w8" tab_id="w8:t1"
2026-09-26T12:23:03.894115Z  INFO herdr::logging: pane child exited event="pane.exit" subsystem="pane" outcome="completed" pane_id=26 status="ExitStatus { code: 0, signal: None }"
2026-09-26T12:23:03.894177Z  INFO herdr::pane: pane session terminated pane=26 pid=17913 signal=Hangup
2026-09-26T12:23:04.434634Z  INFO herdr::logging: spawning pane terminal event="pane.spawn.start" subsystem="pane" outcome="started" pane_id=27 rows=50 cols=170 scrollback_limit_bytes=10000000
2026-09-26T12:23:04.435737Z  INFO herdr::logging: pane child spawned event="pane.spawned" subsystem="pane" outcome="ok" pane_id=27 pid=17990
2026-09-26T12:23:04.435816Z  INFO herdr::logging: tab focused event="tab.focus" subsystem="tab" outcome="ok" workspace_id="w8" tab_id="w8:t1"
2026-09-26T12:23:06.890828Z  INFO herdr::logging: pane child exited event="pane.exit" subsystem="pane" outcome="completed" pane_id=27 status="ExitStatus { code: 0, signal: None }"
2026-09-26T12:23:06.890925Z  INFO herdr::pane: pane session terminated pane=27 pid=17990 signal=Hangup
2026-09-26T12:23:09.260929Z  INFO herdr::logging: spawning pane terminal event="pane.spawn.start" subsystem="pane" outcome="started" pane_id=28 rows=50 cols=170 scrollback_limit_bytes=10000000
2026-09-26T12:23:09.262117Z  INFO herdr::logging: pane child spawned event="pane.spawned" subsystem="pane" outcome="ok" pane_id=28 pid=18045
2026-09-26T12:23:09.262207Z  INFO herdr::logging: tab focused event="tab.focus" subsystem="tab" outcome="ok" workspace_id="w8" tab_id="w8:t1"
2026-09-26T12:23:13.071671Z  INFO herdr::logging: pane child exited event="pane.exit" subsystem="pane" outcome="completed" pane_id=28 status="ExitStatus { code: 127, signal: None }"
2026-09-26T12:23:13.071772Z  INFO herdr::pane: pane session terminated pane=28 pid=18045 signal=Hangup
2026-09-26T12:23:18.073420Z  INFO herdr::logging: session saved event="persist.save" subsystem="persist" outcome="ok" path=/home/tylerkilburn/.config/herdr/session.json workspaces=1
2026-09-26T12:23:18.984054Z  INFO herdr::logging: spawning pane terminal event="pane.spawn.start" subsystem="pane" outcome="started" pane_id=29 rows=50 cols=170 scrollback_limit_bytes=10000000
2026-09-26T12:23:18.985269Z  INFO herdr::logging: pane child spawned event="pane.spawned" subsystem="pane" outcome="ok" pane_id=29 pid=18150
2026-09-26T12:23:18.985368Z  INFO herdr::logging: tab focused event="tab.focus" subsystem="tab" outcome="ok" workspace_id="w8" tab_id="w8:t1"
2026-09-26T12:23:21.669104Z  INFO herdr::logging: pane child exited event="pane.exit" subsystem="pane" outcome="completed" pane_id=29 status="ExitStatus { code: 0, signal: None }"
2026-09-26T12:23:21.669274Z  INFO herdr::pane: pane session terminated pane=29 pid=18150 signal=Hangup
2026-09-26T12:23:26.671665Z  INFO herdr::logging: session saved event="persist.save" subsystem="persist" outcome="ok" path=/home/tylerkilburn/.config/herdr/session.json workspaces=1
2026-09-26T12:23:49.183848Z  INFO herdr::logging: tab focused event="tab.focus" subsystem="tab" outcome="ok" workspace_id="w8" tab_id="w8:t2"
2026-09-26T12:23:49.183883Z  INFO herdr::logging: tab focused event="tab.focus" subsystem="tab" outcome="ok" workspace_id="w8" tab_id="w8:t2"
2026-09-26T12:23:54.186245Z  INFO herdr::logging: session saved event="persist.save" subsystem="persist" outcome="ok" path=/home/tylerkilburn/.config/herdr/session.json workspaces=1
2026-09-26T12:24:01.222178Z  INFO herdr::logging: spawning pane terminal event="pane.spawn.start" subsystem="pane" outcome="started" pane_id=30 rows=50 cols=170 scrollback_limit_bytes=10000000
2026-09-26T12:24:01.223338Z  INFO herdr::logging: pane child spawned event="pane.spawned" subsystem="pane" outcome="ok" pane_id=30 pid=18332
2026-09-26T12:24:01.223426Z  INFO herdr::logging: tab focused event="tab.focus" subsystem="tab" outcome="ok" workspace_id="w8" tab_id="w8:t3"
2026-09-26T12:24:06.225413Z  INFO herdr::logging: session saved event="persist.save" subsystem="persist" outcome="ok" path=/home/tylerkilburn/.config/herdr/session.json workspaces=1
2026-09-26T12:26:20.478476Z  INFO herdr::server::headless: client detached client_id=14
2026-09-26T12:26:25.001028Z  INFO herdr::server::headless::lifecycle: server shutdown initiated
2026-09-26T12:26:25.051212Z  INFO herdr::server::headless::lifecycle: completing server shutdown
2026-09-26T12:26:25.051392Z  INFO herdr::logging: session saved event="persist.save" subsystem="persist" outcome="ok" path=/home/tylerkilburn/.config/herdr/session.json workspaces=1
2026-09-26T12:26:25.051399Z  INFO herdr::server::headless: headless server exiting
2026-09-26T12:26:25.052047Z  INFO herdr::logging: pane child exited event="pane.exit" subsystem="pane" outcome="completed" pane_id=9 status="ExitStatus { code: 1, signal: None }"
2026-09-26T12:26:25.073855Z  INFO herdr::pane: pane session terminated pane=9 pid=13477 signal=Hangup
2026-09-26T12:26:25.074529Z  INFO herdr::logging: pane child exited event="pane.exit" subsystem="pane" outcome="completed" pane_id=8 status="ExitStatus { code: 1, signal: None }"
2026-09-26T12:26:25.076158Z  INFO herdr::pane: pane session terminated pane=8 pid=12022 signal=Hangup
2026-09-26T12:26:25.076816Z  INFO herdr::logging: pane child exited event="pane.exit" subsystem="pane" outcome="completed" pane_id=30 status="ExitStatus { code: 1, signal: None }"
2026-09-26T12:26:25.098419Z  INFO herdr::pane: pane session terminated pane=30 pid=18332 signal=Hangup
2026-09-26T12:26:25.099072Z  INFO herdr::logging: herdr exiting event="app.shutdown" subsystem="server" outcome="completed" pid=5202
2026-09-26T12:26:28.427747Z  INFO herdr::api::server: api server listening path=/home/tylerkilburn/.config/herdr/herdr.sock
2026-09-26T12:26:28.429069Z  INFO herdr::logging: spawning pane terminal event="pane.spawn.start" subsystem="pane" outcome="started" pane_id=1 rows=24 cols=80 scrollback_limit_bytes=10000000
2026-09-26T12:26:28.429778Z  INFO herdr::logging: pane child spawned event="pane.spawned" subsystem="pane" outcome="ok" pane_id=1 pid=19037
2026-09-26T12:26:28.429964Z  INFO herdr::logging: spawning pane terminal event="pane.spawn.start" subsystem="pane" outcome="started" pane_id=2 rows=24 cols=80 scrollback_limit_bytes=10000000
2026-09-26T12:26:28.430612Z  INFO herdr::logging: pane child spawned event="pane.spawned" subsystem="pane" outcome="ok" pane_id=2 pid=19040
2026-09-26T12:26:28.430820Z  INFO herdr::logging: spawning pane terminal event="pane.spawn.start" subsystem="pane" outcome="started" pane_id=3 rows=24 cols=80 scrollback_limit_bytes=10000000
2026-09-26T12:26:28.431380Z  INFO herdr::logging: pane child spawned event="pane.spawned" subsystem="pane" outcome="ok" pane_id=3 pid=19043
2026-09-26T12:26:28.431538Z  INFO herdr::logging: session restore evaluated event="persist.restore" subsystem="persist" outcome="ok" workspaces=1
2026-09-26T12:26:28.431548Z  INFO herdr::app: using pane scrollback configuration pane_scrollback_limit_bytes=10000000
2026-09-26T12:26:28.491960Z  INFO herdr::logging: checking for updates event="update.check.start" subsystem="update" outcome="started"
2026-09-26T12:26:28.492223Z  INFO herdr::server::headless::bootstrap: restored session already has workspaces; ignoring startup cwd cwd=/home/tylerkilburn
2026-09-26T12:26:28.492259Z  INFO herdr::server::headless: client protocol socket listening path=/home/tylerkilburn/.config/herdr/herdr-client.sock
2026-09-26T12:26:28.492284Z  INFO herdr::server::headless::bootstrap: herdr server started api_socket=/home/tylerkilburn/.config/herdr/herdr.sock client_socket=/home/tylerkilburn/.config/herdr/herdr-client.sock
2026-09-26T12:26:28.492367Z  INFO herdr::logging: herdr starting event="app.startup" subsystem="server" outcome="started" pid=19015
2026-09-26T12:26:28.760729Z  INFO herdr::server::headless: client connected client_id=2 cols=170 rows=50 cell_width_px=13 cell_height_px=27 surface_active=true render_encoding=SemanticFrame
2026-09-26T12:26:30.945762Z  INFO herdr::logging: tab focused event="tab.focus" subsystem="tab" outcome="ok" workspace_id="w8" tab_id="w8:t1"
2026-09-26T12:26:30.945814Z  INFO herdr::logging: tab focused event="tab.focus" subsystem="tab" outcome="ok" workspace_id="w8" tab_id="w8:t1"
2026-09-26T12:26:31.869676Z  INFO herdr::logging: tab focused event="tab.focus" subsystem="tab" outcome="ok" workspace_id="w8" tab_id="w8:t2"
2026-09-26T12:26:31.869703Z  INFO herdr::logging: tab focused event="tab.focus" subsystem="tab" outcome="ok" workspace_id="w8" tab_id="w8:t2"
2026-09-26T12:26:36.871199Z  INFO herdr::logging: session saved event="persist.save" subsystem="persist" outcome="ok" path=/home/tylerkilburn/.config/herdr/session.json workspaces=1
2026-09-26T12:26:38.780785Z  INFO herdr::logging: tab focused event="tab.focus" subsystem="tab" outcome="ok" workspace_id="w8" tab_id="w8:t1"
2026-09-26T12:26:38.780839Z  INFO herdr::logging: tab focused event="tab.focus" subsystem="tab" outcome="ok" workspace_id="w8" tab_id="w8:t1"
2026-09-26T12:26:39.516933Z  INFO herdr::logging: tab focused event="tab.focus" subsystem="tab" outcome="ok" workspace_id="w8" tab_id="w8:t2"
2026-09-26T12:26:39.516981Z  INFO herdr::logging: tab focused event="tab.focus" subsystem="tab" outcome="ok" workspace_id="w8" tab_id="w8:t2"
2026-09-26T12:26:44.518613Z  INFO herdr::logging: session saved event="persist.save" subsystem="persist" outcome="ok" path=/home/tylerkilburn/.config/herdr/session.json workspaces=1
2026-09-26T12:26:50.685915Z  INFO herdr::server::headless: client detached client_id=2
2026-09-26T12:26:51.691051Z  INFO herdr::server::headless: client connected client_id=4 cols=170 rows=50 cell_width_px=13 cell_height_px=27 surface_active=true render_encoding=SemanticFrame
2026-09-26T12:27:03.866101Z  INFO herdr::logging: tab focused event="tab.focus" subsystem="tab" outcome="ok" workspace_id="w8" tab_id="w8:t3"
2026-09-26T12:27:03.866134Z  INFO herdr::logging: tab focused event="tab.focus" subsystem="tab" outcome="ok" workspace_id="w8" tab_id="w8:t3"
2026-09-26T12:27:04.680857Z  INFO herdr::logging: tab focused event="tab.focus" subsystem="tab" outcome="ok" workspace_id="w8" tab_id="w8:t2"
2026-09-26T12:27:04.680891Z  INFO herdr::logging: tab focused event="tab.focus" subsystem="tab" outcome="ok" workspace_id="w8" tab_id="w8:t2"
2026-09-26T12:27:05.714143Z  INFO herdr::logging: tab focused event="tab.focus" subsystem="tab" outcome="ok" workspace_id="w8" tab_id="w8:t3"
2026-09-26T12:27:05.714172Z  INFO herdr::logging: tab focused event="tab.focus" subsystem="tab" outcome="ok" workspace_id="w8" tab_id="w8:t3"
2026-09-26T12:27:06.754222Z  INFO herdr::logging: pane child exited event="pane.exit" subsystem="pane" outcome="completed" pane_id=3 status="ExitStatus { code: 0, signal: None }"
2026-09-26T12:27:06.754313Z  INFO herdr::pane: pane session terminated pane=3 pid=19043 signal=Hangup
2026-09-26T12:27:08.110068Z  INFO herdr::logging: tab focused event="tab.focus" subsystem="tab" outcome="ok" workspace_id="w8" tab_id="w8:t1"
2026-09-26T12:27:08.110110Z  INFO herdr::logging: tab focused event="tab.focus" subsystem="tab" outcome="ok" workspace_id="w8" tab_id="w8:t1"
2026-09-26T12:27:13.111702Z  INFO herdr::logging: session saved event="persist.save" subsystem="persist" outcome="ok" path=/home/tylerkilburn/.config/herdr/session.json workspaces=1
2026-09-26T12:28:40.333996Z  INFO herdr::logging: tab focused event="tab.focus" subsystem="tab" outcome="ok" workspace_id="w8" tab_id="w8:t2"
2026-09-26T12:28:40.334027Z  INFO herdr::logging: tab focused event="tab.focus" subsystem="tab" outcome="ok" workspace_id="w8" tab_id="w8:t2"
2026-09-26T12:28:45.336607Z  INFO herdr::logging: session saved event="persist.save" subsystem="persist" outcome="ok" path=/home/tylerkilburn/.config/herdr/session.json workspaces=1
2026-09-26T12:29:27.419565Z  INFO herdr::server::headless: client detached client_id=4
2026-09-26T12:29:31.944756Z  INFO herdr::server::headless::lifecycle: server shutdown initiated
2026-09-26T12:29:31.994947Z  INFO herdr::server::headless::lifecycle: completing server shutdown
2026-09-26T12:29:31.995130Z  INFO herdr::logging: session saved event="persist.save" subsystem="persist" outcome="ok" path=/home/tylerkilburn/.config/herdr/session.json workspaces=1
2026-09-26T12:29:31.995135Z  INFO herdr::server::headless: headless server exiting
2026-09-26T12:29:31.995804Z  INFO herdr::logging: pane child exited event="pane.exit" subsystem="pane" outcome="completed" pane_id=1 status="ExitStatus { code: 1, signal: None }"
2026-09-26T12:29:31.997316Z  INFO herdr::pane: pane session terminated pane=1 pid=19037 signal=Hangup
2026-09-26T12:29:31.998123Z  INFO herdr::logging: pane child exited event="pane.exit" subsystem="pane" outcome="completed" pane_id=2 status="ExitStatus { code: 1, signal: None }"
2026-09-26T12:29:31.999244Z  INFO herdr::pane: pane session terminated pane=2 pid=19040 signal=Hangup
2026-09-26T12:29:32.000177Z  INFO herdr::logging: herdr exiting event="app.shutdown" subsystem="server" outcome="completed" pid=19015
2026-09-26T12:29:35.140380Z  INFO herdr::api::server: api server listening path=/home/tylerkilburn/.config/herdr/herdr.sock
2026-09-26T12:29:35.141624Z  INFO herdr::logging: spawning pane terminal event="pane.spawn.start" subsystem="pane" outcome="started" pane_id=1 rows=24 cols=80 scrollback_limit_bytes=10000000
2026-09-26T12:29:35.142360Z  INFO herdr::logging: pane child spawned event="pane.spawned" subsystem="pane" outcome="ok" pane_id=1 pid=20069
2026-09-26T12:29:35.142541Z  INFO herdr::logging: spawning pane terminal event="pane.spawn.start" subsystem="pane" outcome="started" pane_id=2 rows=24 cols=80 scrollback_limit_bytes=10000000
2026-09-26T12:29:35.143192Z  INFO herdr::logging: pane child spawned event="pane.spawned" subsystem="pane" outcome="ok" pane_id=2 pid=20072
2026-09-26T12:29:35.143359Z  INFO herdr::logging: session restore evaluated event="persist.restore" subsystem="persist" outcome="ok" workspaces=1
2026-09-26T12:29:35.143369Z  INFO herdr::app: using pane scrollback configuration pane_scrollback_limit_bytes=10000000
2026-09-26T12:29:35.202446Z  INFO herdr::logging: checking for updates event="update.check.start" subsystem="update" outcome="started"
2026-09-26T12:29:35.202691Z  INFO herdr::server::headless::bootstrap: restored session already has workspaces; ignoring startup cwd cwd=/home/tylerkilburn
2026-09-26T12:29:35.202731Z  INFO herdr::server::headless: client protocol socket listening path=/home/tylerkilburn/.config/herdr/herdr-client.sock
2026-09-26T12:29:35.202762Z  INFO herdr::server::headless::bootstrap: herdr server started api_socket=/home/tylerkilburn/.config/herdr/herdr.sock client_socket=/home/tylerkilburn/.config/herdr/herdr-client.sock
2026-09-26T12:29:35.202847Z  INFO herdr::logging: herdr starting event="app.startup" subsystem="server" outcome="started" pid=20047
2026-09-26T12:29:35.472261Z  INFO herdr::server::headless: client connected client_id=2 cols=170 rows=50 cell_width_px=13 cell_height_px=27 surface_active=true render_encoding=SemanticFrame
2026-09-26T12:30:16.208613Z  INFO herdr::logging: tab focused event="tab.focus" subsystem="tab" outcome="ok" workspace_id="w8" tab_id="w8:t1"
2026-09-26T12:30:16.208650Z  INFO herdr::logging: tab focused event="tab.focus" subsystem="tab" outcome="ok" workspace_id="w8" tab_id="w8:t1"
2026-09-26T12:30:17.143588Z  INFO herdr::logging: tab focused event="tab.focus" subsystem="tab" outcome="ok" workspace_id="w8" tab_id="w8:t2"
2026-09-26T12:30:17.143645Z  INFO herdr::logging: tab focused event="tab.focus" subsystem="tab" outcome="ok" workspace_id="w8" tab_id="w8:t2"
2026-09-26T12:30:18.561563Z  INFO herdr::logging: tab focused event="tab.focus" subsystem="tab" outcome="ok" workspace_id="w8" tab_id="w8:t1"
2026-09-26T12:30:18.561597Z  INFO herdr::logging: tab focused event="tab.focus" subsystem="tab" outcome="ok" workspace_id="w8" tab_id="w8:t1"
2026-09-26T12:30:19.298679Z  INFO herdr::logging: tab focused event="tab.focus" subsystem="tab" outcome="ok" workspace_id="w8" tab_id="w8:t2"
2026-09-26T12:30:19.298713Z  INFO herdr::logging: tab focused event="tab.focus" subsystem="tab" outcome="ok" workspace_id="w8" tab_id="w8:t2"
2026-09-26T12:30:24.300970Z  INFO herdr::logging: session saved event="persist.save" subsystem="persist" outcome="ok" path=/home/tylerkilburn/.config/herdr/session.json workspaces=1
2026-09-26T12:30:45.226073Z  INFO herdr::logging: tab focused event="tab.focus" subsystem="tab" outcome="ok" workspace_id="w8" tab_id="w8:t1"
2026-09-26T12:30:45.226108Z  INFO herdr::logging: tab focused event="tab.focus" subsystem="tab" outcome="ok" workspace_id="w8" tab_id="w8:t1"
2026-09-26T12:30:50.227332Z  INFO herdr::logging: session saved event="persist.save" subsystem="persist" outcome="ok" path=/home/tylerkilburn/.config/herdr/session.json workspaces=1
2026-09-26T12:32:31.601891Z  INFO herdr::logging: tab focused event="tab.focus" subsystem="tab" outcome="ok" workspace_id="w8" tab_id="w8:t2"
2026-09-26T12:32:33.769832Z  INFO herdr::logging: tab focused event="tab.focus" subsystem="tab" outcome="ok" workspace_id="w8" tab_id="w8:t1"
2026-09-26T12:32:38.771164Z  INFO herdr::logging: session saved event="persist.save" subsystem="persist" outcome="ok" path=/home/tylerkilburn/.config/herdr/session.json workspaces=1
2026-09-26T12:38:58.279326Z  INFO herdr::logging: pane child exited event="pane.exit" subsystem="pane" outcome="completed" pane_id=1 status="ExitStatus { code: 0, signal: None }"
2026-09-26T12:38:58.279496Z  INFO herdr::pane: pane session terminated pane=1 pid=20069 signal=Hangup
2026-09-26T12:39:00.457016Z  INFO herdr::server::headless: client detached client_id=2
2026-09-26T12:39:01.962949Z  INFO herdr::server::headless::lifecycle: server shutdown initiated
2026-09-26T12:39:02.013106Z  INFO herdr::server::headless::lifecycle: completing server shutdown
2026-09-26T12:39:02.013347Z  INFO herdr::logging: session saved event="persist.save" subsystem="persist" outcome="ok" path=/home/tylerkilburn/.config/herdr/session.json workspaces=1
2026-09-26T12:39:02.013353Z  INFO herdr::server::headless: headless server exiting
2026-09-26T12:39:02.014193Z  INFO herdr::logging: pane child exited event="pane.exit" subsystem="pane" outcome="completed" pane_id=2 status="ExitStatus { code: 1, signal: None }"
2026-09-26T12:39:02.015728Z  INFO herdr::pane: pane session terminated pane=2 pid=20072 signal=Hangup
2026-09-26T12:39:02.016386Z  INFO herdr::logging: herdr exiting event="app.shutdown" subsystem="server" outcome="completed" pid=20047
2026-09-26T12:39:04.428134Z  INFO herdr::api::server: api server listening path=/home/tylerkilburn/.config/herdr/herdr.sock
2026-09-26T12:39:04.429351Z  INFO herdr::logging: spawning pane terminal event="pane.spawn.start" subsystem="pane" outcome="started" pane_id=1 rows=24 cols=80 scrollback_limit_bytes=10000000
2026-09-26T12:39:04.430165Z  INFO herdr::logging: pane child spawned event="pane.spawned" subsystem="pane" outcome="ok" pane_id=1 pid=22639
2026-09-26T12:39:04.430344Z  INFO herdr::logging: session restore evaluated event="persist.restore" subsystem="persist" outcome="ok" workspaces=1
2026-09-26T12:39:04.430351Z  INFO herdr::app: using pane scrollback configuration pane_scrollback_limit_bytes=10000000
2026-09-26T12:39:04.494945Z  INFO herdr::logging: checking for updates event="update.check.start" subsystem="update" outcome="started"
2026-09-26T12:39:04.495254Z  INFO herdr::server::headless::bootstrap: restored session already has workspaces; ignoring startup cwd cwd=/home/tylerkilburn
2026-09-26T12:39:04.495294Z  INFO herdr::server::headless: client protocol socket listening path=/home/tylerkilburn/.config/herdr/herdr-client.sock
2026-09-26T12:39:04.495329Z  INFO herdr::server::headless::bootstrap: herdr server started api_socket=/home/tylerkilburn/.config/herdr/herdr.sock client_socket=/home/tylerkilburn/.config/herdr/herdr-client.sock
2026-09-26T12:39:04.495375Z  INFO herdr::logging: herdr starting event="app.startup" subsystem="server" outcome="started" pid=22617
2026-09-26T12:39:04.763643Z  INFO herdr::server::headless: client connected client_id=2 cols=170 rows=50 cell_width_px=13 cell_height_px=27 surface_active=true render_encoding=SemanticFrame
2026-09-26T12:39:50.909859Z  INFO herdr::logging: api request received event="api.request.start" subsystem="api" outcome="started" request_id="cli:server:reload-config" method="server.reload_config" changes_ui=true
2026-09-26T12:39:50.910308Z  INFO herdr::logging: api request completed event="api.request.complete" subsystem="api" outcome="ok" request_id="cli:server:reload-config" method="server.reload_config"
2026-09-26T12:41:14.692606Z  INFO herdr::logging: spawning pane terminal event="pane.spawn.start" subsystem="pane" outcome="started" pane_id=2 rows=50 cols=170 scrollback_limit_bytes=10000000
2026-09-26T12:41:14.693640Z  INFO herdr::logging: pane child spawned event="pane.spawned" subsystem="pane" outcome="ok" pane_id=2 pid=23122
2026-09-26T12:41:14.693733Z  INFO herdr::logging: tab focused event="tab.focus" subsystem="tab" outcome="ok" workspace_id="w8" tab_id="w8:t2"
2026-09-26T12:41:45.265770Z  INFO herdr::logging: tab focused event="tab.focus" subsystem="tab" outcome="ok" workspace_id="w8" tab_id="w8:t2"
2026-09-26T12:41:48.196861Z  INFO herdr::logging: tab focused event="tab.focus" subsystem="tab" outcome="ok" workspace_id="w8" tab_id="w8:t2"
2026-09-26T12:41:53.198264Z  INFO herdr::logging: session saved event="persist.save" subsystem="persist" outcome="ok" path=/home/tylerkilburn/.config/herdr/session.json workspaces=1
2026-09-26T12:42:11.941548Z  INFO herdr::logging: spawning pane terminal event="pane.spawn.start" subsystem="pane" outcome="started" pane_id=3 rows=50 cols=102 scrollback_limit_bytes=10000000
2026-09-26T12:42:11.942777Z  INFO herdr::logging: pane child spawned event="pane.spawned" subsystem="pane" outcome="ok" pane_id=3 pid=23693
2026-09-26T12:42:11.942853Z  INFO herdr::logging: tab focused event="tab.focus" subsystem="tab" outcome="ok" workspace_id="w8" tab_id="w8:t4"
2026-09-26T12:42:16.945290Z  INFO herdr::logging: session saved event="persist.save" subsystem="persist" outcome="ok" path=/home/tylerkilburn/.config/herdr/session.json workspaces=1
2026-09-26T12:42:38.544679Z  INFO herdr::logging: tab focused event="tab.focus" subsystem="tab" outcome="ok" workspace_id="w8" tab_id="w8:t4"
2026-09-26T12:42:43.546741Z  INFO herdr::logging: session saved event="persist.save" subsystem="persist" outcome="ok" path=/home/tylerkilburn/.config/herdr/session.json workspaces=1
2026-09-26T12:43:50.211614Z  INFO herdr::logging: session saved event="persist.save" subsystem="persist" outcome="ok" path=/home/tylerkilburn/.config/herdr/session.json workspaces=1
2026-09-26T12:45:32.417851Z  INFO herdr::logging: tab focused event="tab.focus" subsystem="tab" outcome="ok" workspace_id="w8" tab_id="w8:t2"
2026-09-26T12:45:32.417901Z  INFO herdr::logging: tab focused event="tab.focus" subsystem="tab" outcome="ok" workspace_id="w8" tab_id="w8:t2"
2026-09-26T12:45:37.419108Z  INFO herdr::logging: session saved event="persist.save" subsystem="persist" outcome="ok" path=/home/tylerkilburn/.config/herdr/session.json workspaces=1
2026-09-26T12:46:44.788785Z  INFO herdr::logging: spawning pane terminal event="pane.spawn.start" subsystem="pane" outcome="started" pane_id=4 rows=50 cols=102 scrollback_limit_bytes=10000000
2026-09-26T12:46:44.789704Z  INFO herdr::logging: pane child spawned event="pane.spawned" subsystem="pane" outcome="ok" pane_id=4 pid=24808
2026-09-26T12:46:44.789827Z  INFO herdr::logging: workspace created event="workspace.create" subsystem="workspace" outcome="ok" workspace_id="w9" pane_id=4
2026-09-26T12:46:44.789830Z  INFO herdr::logging: workspace focused event="workspace.focus" subsystem="workspace" outcome="ok" workspace_id="w9"
2026-09-26T12:46:44.789832Z  INFO herdr::logging: tab focused event="tab.focus" subsystem="tab" outcome="ok" workspace_id="w9" tab_id="w9:t1"
2026-09-26T12:46:49.799825Z  INFO herdr::logging: session saved event="persist.save" subsystem="persist" outcome="ok" path=/home/tylerkilburn/.config/herdr/session.json workspaces=2
2026-09-26T12:46:55.882019Z  INFO herdr::logging: workspace focused event="workspace.focus" subsystem="workspace" outcome="ok" workspace_id="w9"
2026-09-26T12:46:55.882036Z  INFO herdr::logging: tab focused event="tab.focus" subsystem="tab" outcome="ok" workspace_id="w9" tab_id="w9:t1"
2026-09-26T12:47:00.890419Z  INFO herdr::logging: session saved event="persist.save" subsystem="persist" outcome="ok" path=/home/tylerkilburn/.config/herdr/session.json workspaces=2
2026-09-26T12:47:04.390072Z  INFO herdr::logging: workspace focused event="workspace.focus" subsystem="workspace" outcome="ok" workspace_id="w8"
2026-09-26T12:47:04.390089Z  INFO herdr::logging: tab focused event="tab.focus" subsystem="tab" outcome="ok" workspace_id="w8" tab_id="w8:t2"
2026-09-26T12:47:04.390130Z  INFO herdr::logging: workspace focused event="workspace.focus" subsystem="workspace" outcome="ok" workspace_id="w8"
2026-09-26T12:47:04.390131Z  INFO herdr::logging: tab focused event="tab.focus" subsystem="tab" outcome="ok" workspace_id="w8" tab_id="w8:t2"
2026-09-26T12:47:09.392144Z  INFO herdr::logging: session saved event="persist.save" subsystem="persist" outcome="ok" path=/home/tylerkilburn/.config/herdr/session.json workspaces=2
2026-09-26T12:47:11.424206Z  INFO herdr::logging: workspace focused event="workspace.focus" subsystem="workspace" outcome="ok" workspace_id="w9"
2026-09-26T12:47:11.424232Z  INFO herdr::logging: tab focused event="tab.focus" subsystem="tab" outcome="ok" workspace_id="w9" tab_id="w9:t1"
2026-09-26T12:47:11.424247Z  INFO herdr::logging: workspace focused event="workspace.focus" subsystem="workspace" outcome="ok" workspace_id="w9"
2026-09-26T12:47:11.424249Z  INFO herdr::logging: tab focused event="tab.focus" subsystem="tab" outcome="ok" workspace_id="w9" tab_id="w9:t1"
2026-09-26T12:47:12.937901Z  INFO herdr::logging: workspace focused event="workspace.focus" subsystem="workspace" outcome="ok" workspace_id="w8"
2026-09-26T12:47:12.937917Z  INFO herdr::logging: tab focused event="tab.focus" subsystem="tab" outcome="ok" workspace_id="w8" tab_id="w8:t2"
2026-09-26T12:47:12.937956Z  INFO herdr::logging: workspace focused event="workspace.focus" subsystem="workspace" outcome="ok" workspace_id="w8"
2026-09-26T12:47:12.937957Z  INFO herdr::logging: tab focused event="tab.focus" subsystem="tab" outcome="ok" workspace_id="w8" tab_id="w8:t2"
2026-09-26T12:47:17.939931Z  INFO herdr::logging: session saved event="persist.save" subsystem="persist" outcome="ok" path=/home/tylerkilburn/.config/herdr/session.json workspaces=2
2026-09-26T12:47:18.644165Z  INFO herdr::logging: tab focused event="tab.focus" subsystem="tab" outcome="ok" workspace_id="w8" tab_id="w8:t4"
2026-09-26T12:47:18.644195Z  INFO herdr::logging: tab focused event="tab.focus" subsystem="tab" outcome="ok" workspace_id="w8" tab_id="w8:t4"
2026-09-26T12:47:19.605111Z  INFO herdr::logging: tab focused event="tab.focus" subsystem="tab" outcome="ok" workspace_id="w8" tab_id="w8:t2"
2026-09-26T12:47:19.605140Z  INFO herdr::logging: tab focused event="tab.focus" subsystem="tab" outcome="ok" workspace_id="w8" tab_id="w8:t2"
2026-09-26T12:47:20.066395Z  INFO herdr::logging: tab focused event="tab.focus" subsystem="tab" outcome="ok" workspace_id="w8" tab_id="w8:t4"
2026-09-26T12:47:20.066510Z  INFO herdr::logging: tab focused event="tab.focus" subsystem="tab" outcome="ok" workspace_id="w8" tab_id="w8:t4"
2026-09-26T12:47:20.482305Z  INFO herdr::logging: tab focused event="tab.focus" subsystem="tab" outcome="ok" workspace_id="w8" tab_id="w8:t2"
2026-09-26T12:47:20.482357Z  INFO herdr::logging: tab focused event="tab.focus" subsystem="tab" outcome="ok" workspace_id="w8" tab_id="w8:t2"
2026-09-26T12:47:20.984512Z  INFO herdr::logging: tab focused event="tab.focus" subsystem="tab" outcome="ok" workspace_id="w8" tab_id="w8:t4"
2026-09-26T12:47:20.984538Z  INFO herdr::logging: tab focused event="tab.focus" subsystem="tab" outcome="ok" workspace_id="w8" tab_id="w8:t4"
2026-09-26T12:47:21.520258Z  INFO herdr::logging: tab focused event="tab.focus" subsystem="tab" outcome="ok" workspace_id="w8" tab_id="w8:t2"
2026-09-26T12:47:21.520309Z  INFO herdr::logging: tab focused event="tab.focus" subsystem="tab" outcome="ok" workspace_id="w8" tab_id="w8:t2"
2026-09-26T12:47:22.068228Z  INFO herdr::logging: tab focused event="tab.focus" subsystem="tab" outcome="ok" workspace_id="w8" tab_id="w8:t4"
2026-09-26T12:47:22.068281Z  INFO herdr::logging: tab focused event="tab.focus" subsystem="tab" outcome="ok" workspace_id="w8" tab_id="w8:t4"
2026-09-26T12:47:22.705414Z  INFO herdr::logging: tab focused event="tab.focus" subsystem="tab" outcome="ok" workspace_id="w8" tab_id="w8:t2"
2026-09-26T12:47:22.705468Z  INFO herdr::logging: tab focused event="tab.focus" subsystem="tab" outcome="ok" workspace_id="w8" tab_id="w8:t2"
2026-09-26T12:47:23.072417Z  INFO herdr::logging: tab focused event="tab.focus" subsystem="tab" outcome="ok" workspace_id="w8" tab_id="w8:t4"
2026-09-26T12:47:23.072458Z  INFO herdr::logging: tab focused event="tab.focus" subsystem="tab" outcome="ok" workspace_id="w8" tab_id="w8:t4"
2026-09-26T12:47:23.534469Z  INFO herdr::logging: tab focused event="tab.focus" subsystem="tab" outcome="ok" workspace_id="w8" tab_id="w8:t2"
2026-09-26T12:47:23.534511Z  INFO herdr::logging: tab focused event="tab.focus" subsystem="tab" outcome="ok" workspace_id="w8" tab_id="w8:t2"
2026-09-26T12:47:24.173183Z  INFO herdr::logging: tab focused event="tab.focus" subsystem="tab" outcome="ok" workspace_id="w8" tab_id="w8:t4"
2026-09-26T12:47:24.173228Z  INFO herdr::logging: tab focused event="tab.focus" subsystem="tab" outcome="ok" workspace_id="w8" tab_id="w8:t4"
2026-09-26T12:47:26.203503Z  INFO herdr::logging: tab focused event="tab.focus" subsystem="tab" outcome="ok" workspace_id="w8" tab_id="w8:t2"
2026-09-26T12:47:26.203534Z  INFO herdr::logging: tab focused event="tab.focus" subsystem="tab" outcome="ok" workspace_id="w8" tab_id="w8:t2"
2026-09-26T12:47:27.544816Z  INFO herdr::logging: spawning pane terminal event="pane.spawn.start" subsystem="pane" outcome="started" pane_id=5 rows=50 cols=102 scrollback_limit_bytes=10000000
2026-09-26T12:47:27.545888Z  INFO herdr::logging: pane child spawned event="pane.spawned" subsystem="pane" outcome="ok" pane_id=5 pid=24966
2026-09-26T12:47:27.545984Z  INFO herdr::logging: tab focused event="tab.focus" subsystem="tab" outcome="ok" workspace_id="w8" tab_id="w8:t5"
2026-09-26T12:47:28.031244Z  INFO herdr::logging: tab focused event="tab.focus" subsystem="tab" outcome="ok" workspace_id="w8" tab_id="w8:t4"
2026-09-26T12:47:28.031296Z  INFO herdr::logging: tab focused event="tab.focus" subsystem="tab" outcome="ok" workspace_id="w8" tab_id="w8:t4"
2026-09-26T12:47:28.544482Z  INFO herdr::logging: tab focused event="tab.focus" subsystem="tab" outcome="ok" workspace_id="w8" tab_id="w8:t2"
2026-09-26T12:47:28.544534Z  INFO herdr::logging: tab focused event="tab.focus" subsystem="tab" outcome="ok" workspace_id="w8" tab_id="w8:t2"
2026-09-26T12:47:29.079549Z  INFO herdr::logging: tab focused event="tab.focus" subsystem="tab" outcome="ok" workspace_id="w8" tab_id="w8:t5"
2026-09-26T12:47:29.079576Z  INFO herdr::logging: tab focused event="tab.focus" subsystem="tab" outcome="ok" workspace_id="w8" tab_id="w8:t5"
2026-09-26T12:47:29.745523Z  INFO herdr::logging: tab focused event="tab.focus" subsystem="tab" outcome="ok" workspace_id="w8" tab_id="w8:t4"
2026-09-26T12:47:29.745576Z  INFO herdr::logging: tab focused event="tab.focus" subsystem="tab" outcome="ok" workspace_id="w8" tab_id="w8:t4"
2026-09-26T12:47:34.747653Z  INFO herdr::logging: session saved event="persist.save" subsystem="persist" outcome="ok" path=/home/tylerkilburn/.config/herdr/session.json workspaces=2
2026-09-26T12:48:00.350796Z  INFO herdr::logging: tab focused event="tab.focus" subsystem="tab" outcome="ok" workspace_id="w8" tab_id="w8:t5"
2026-09-26T12:48:00.350839Z  INFO herdr::logging: tab focused event="tab.focus" subsystem="tab" outcome="ok" workspace_id="w8" tab_id="w8:t5"
2026-09-26T12:48:01.032911Z  INFO herdr::logging: tab focused event="tab.focus" subsystem="tab" outcome="ok" workspace_id="w8" tab_id="w8:t2"
2026-09-26T12:48:01.032968Z  INFO herdr::logging: tab focused event="tab.focus" subsystem="tab" outcome="ok" workspace_id="w8" tab_id="w8:t2"
2026-09-26T12:48:01.563120Z  INFO herdr::logging: tab focused event="tab.focus" subsystem="tab" outcome="ok" workspace_id="w8" tab_id="w8:t4"
2026-09-26T12:48:01.563176Z  INFO herdr::logging: tab focused event="tab.focus" subsystem="tab" outcome="ok" workspace_id="w8" tab_id="w8:t4"
2026-09-26T12:48:02.058014Z  INFO herdr::logging: tab focused event="tab.focus" subsystem="tab" outcome="ok" workspace_id="w8" tab_id="w8:t5"
2026-09-26T12:48:02.058043Z  INFO herdr::logging: tab focused event="tab.focus" subsystem="tab" outcome="ok" workspace_id="w8" tab_id="w8:t5"
2026-09-26T12:48:02.523089Z  INFO herdr::logging: tab focused event="tab.focus" subsystem="tab" outcome="ok" workspace_id="w8" tab_id="w8:t2"
2026-09-26T12:48:02.523150Z  INFO herdr::logging: tab focused event="tab.focus" subsystem="tab" outcome="ok" workspace_id="w8" tab_id="w8:t2"
2026-09-26T12:48:03.019973Z  INFO herdr::logging: tab focused event="tab.focus" subsystem="tab" outcome="ok" workspace_id="w8" tab_id="w8:t4"
2026-09-26T12:48:03.020026Z  INFO herdr::logging: tab focused event="tab.focus" subsystem="tab" outcome="ok" workspace_id="w8" tab_id="w8:t4"
2026-09-26T12:48:03.518118Z  INFO herdr::logging: tab focused event="tab.focus" subsystem="tab" outcome="ok" workspace_id="w8" tab_id="w8:t5"
2026-09-26T12:48:03.518179Z  INFO herdr::logging: tab focused event="tab.focus" subsystem="tab" outcome="ok" workspace_id="w8" tab_id="w8:t5"
2026-09-26T12:48:04.094800Z  INFO herdr::logging: tab focused event="tab.focus" subsystem="tab" outcome="ok" workspace_id="w8" tab_id="w8:t2"
2026-09-26T12:48:04.094858Z  INFO herdr::logging: tab focused event="tab.focus" subsystem="tab" outcome="ok" workspace_id="w8" tab_id="w8:t2"
2026-09-26T12:48:05.007903Z  INFO herdr::logging: tab focused event="tab.focus" subsystem="tab" outcome="ok" workspace_id="w8" tab_id="w8:t4"
2026-09-26T12:48:05.007931Z  INFO herdr::logging: tab focused event="tab.focus" subsystem="tab" outcome="ok" workspace_id="w8" tab_id="w8:t4"
2026-09-26T12:48:05.808750Z  INFO herdr::logging: tab focused event="tab.focus" subsystem="tab" outcome="ok" workspace_id="w8" tab_id="w8:t2"
2026-09-26T12:48:05.808805Z  INFO herdr::logging: tab focused event="tab.focus" subsystem="tab" outcome="ok" workspace_id="w8" tab_id="w8:t2"
2026-09-26T12:48:06.276982Z  INFO herdr::logging: tab focused event="tab.focus" subsystem="tab" outcome="ok" workspace_id="w8" tab_id="w8:t5"
2026-09-26T12:48:06.277035Z  INFO herdr::logging: tab focused event="tab.focus" subsystem="tab" outcome="ok" workspace_id="w8" tab_id="w8:t5"
2026-09-26T12:48:06.667042Z  INFO herdr::logging: tab focused event="tab.focus" subsystem="tab" outcome="ok" workspace_id="w8" tab_id="w8:t4"
2026-09-26T12:48:06.667093Z  INFO herdr::logging: tab focused event="tab.focus" subsystem="tab" outcome="ok" workspace_id="w8" tab_id="w8:t4"
2026-09-26T12:48:08.329785Z  INFO herdr::logging: tab focused event="tab.focus" subsystem="tab" outcome="ok" workspace_id="w8" tab_id="w8:t2"
2026-09-26T12:48:08.329815Z  INFO herdr::logging: tab focused event="tab.focus" subsystem="tab" outcome="ok" workspace_id="w8" tab_id="w8:t2"
2026-09-26T12:48:08.583903Z  INFO herdr::logging: tab focused event="tab.focus" subsystem="tab" outcome="ok" workspace_id="w8" tab_id="w8:t5"
2026-09-26T12:48:08.583929Z  INFO herdr::logging: tab focused event="tab.focus" subsystem="tab" outcome="ok" workspace_id="w8" tab_id="w8:t5"
2026-09-26T12:48:13.221848Z  INFO herdr::logging: tab focused event="tab.focus" subsystem="tab" outcome="ok" workspace_id="w8" tab_id="w8:t4"
2026-09-26T12:48:13.221903Z  INFO herdr::logging: tab focused event="tab.focus" subsystem="tab" outcome="ok" workspace_id="w8" tab_id="w8:t4"
2026-09-26T12:48:13.971064Z  INFO herdr::logging: tab focused event="tab.focus" subsystem="tab" outcome="ok" workspace_id="w8" tab_id="w8:t2"
2026-09-26T12:48:13.971092Z  INFO herdr::logging: tab focused event="tab.focus" subsystem="tab" outcome="ok" workspace_id="w8" tab_id="w8:t2"
2026-09-26T12:48:14.458105Z  INFO herdr::logging: tab focused event="tab.focus" subsystem="tab" outcome="ok" workspace_id="w8" tab_id="w8:t5"
2026-09-26T12:48:14.458157Z  INFO herdr::logging: tab focused event="tab.focus" subsystem="tab" outcome="ok" workspace_id="w8" tab_id="w8:t5"
2026-09-26T12:48:15.954087Z  INFO herdr::logging: tab focused event="tab.focus" subsystem="tab" outcome="ok" workspace_id="w8" tab_id="w8:t4"
2026-09-26T12:48:15.954115Z  INFO herdr::logging: tab focused event="tab.focus" subsystem="tab" outcome="ok" workspace_id="w8" tab_id="w8:t4"
2026-09-26T12:48:16.341040Z  INFO herdr::logging: tab focused event="tab.focus" subsystem="tab" outcome="ok" workspace_id="w8" tab_id="w8:t2"
2026-09-26T12:48:16.341068Z  INFO herdr::logging: tab focused event="tab.focus" subsystem="tab" outcome="ok" workspace_id="w8" tab_id="w8:t2"
2026-09-26T12:48:21.342602Z  INFO herdr::logging: session saved event="persist.save" subsystem="persist" outcome="ok" path=/home/tylerkilburn/.config/herdr/session.json workspaces=2
2026-09-26T12:48:24.205201Z  INFO herdr::logging: tab focused event="tab.focus" subsystem="tab" outcome="ok" workspace_id="w8" tab_id="w8:t5"
2026-09-26T12:48:24.205232Z  INFO herdr::logging: tab focused event="tab.focus" subsystem="tab" outcome="ok" workspace_id="w8" tab_id="w8:t5"
2026-09-26T12:48:24.772264Z  INFO herdr::logging: tab focused event="tab.focus" subsystem="tab" outcome="ok" workspace_id="w8" tab_id="w8:t4"
2026-09-26T12:48:24.772323Z  INFO herdr::logging: tab focused event="tab.focus" subsystem="tab" outcome="ok" workspace_id="w8" tab_id="w8:t4"
2026-09-26T12:48:25.133177Z  INFO herdr::logging: tab focused event="tab.focus" subsystem="tab" outcome="ok" workspace_id="w8" tab_id="w8:t2"
2026-09-26T12:48:25.133222Z  INFO herdr::logging: tab focused event="tab.focus" subsystem="tab" outcome="ok" workspace_id="w8" tab_id="w8:t2"
2026-09-26T12:48:25.526139Z  INFO herdr::logging: tab focused event="tab.focus" subsystem="tab" outcome="ok" workspace_id="w8" tab_id="w8:t5"
2026-09-26T12:48:25.526184Z  INFO herdr::logging: tab focused event="tab.focus" subsystem="tab" outcome="ok" workspace_id="w8" tab_id="w8:t5"
2026-09-26T12:48:26.789057Z  INFO herdr::logging: tab focused event="tab.focus" subsystem="tab" outcome="ok" workspace_id="w8" tab_id="w8:t4"
2026-09-26T12:48:26.789085Z  INFO herdr::logging: tab focused event="tab.focus" subsystem="tab" outcome="ok" workspace_id="w8" tab_id="w8:t4"
2026-09-26T12:48:31.790044Z  INFO herdr::logging: session saved event="persist.save" subsystem="persist" outcome="ok" path=/home/tylerkilburn/.config/herdr/session.json workspaces=2
2026-09-26T12:48:35.191305Z  INFO herdr::logging: tab focused event="tab.focus" subsystem="tab" outcome="ok" workspace_id="w8" tab_id="w8:t5"
2026-09-26T12:48:35.191352Z  INFO herdr::logging: tab focused event="tab.focus" subsystem="tab" outcome="ok" workspace_id="w8" tab_id="w8:t5"
2026-09-26T12:48:35.749375Z  INFO herdr::logging: tab focused event="tab.focus" subsystem="tab" outcome="ok" workspace_id="w8" tab_id="w8:t2"
2026-09-26T12:48:35.749401Z  INFO herdr::logging: tab focused event="tab.focus" subsystem="tab" outcome="ok" workspace_id="w8" tab_id="w8:t2"
2026-09-26T12:48:36.267646Z  INFO herdr::logging: tab focused event="tab.focus" subsystem="tab" outcome="ok" workspace_id="w8" tab_id="w8:t4"
2026-09-26T12:48:36.267674Z  INFO herdr::logging: tab focused event="tab.focus" subsystem="tab" outcome="ok" workspace_id="w8" tab_id="w8:t4"
2026-09-26T12:48:36.792497Z  INFO herdr::logging: tab focused event="tab.focus" subsystem="tab" outcome="ok" workspace_id="w8" tab_id="w8:t5"
2026-09-26T12:48:36.792527Z  INFO herdr::logging: tab focused event="tab.focus" subsystem="tab" outcome="ok" workspace_id="w8" tab_id="w8:t5"
2026-09-26T12:48:37.310360Z  INFO herdr::logging: tab focused event="tab.focus" subsystem="tab" outcome="ok" workspace_id="w8" tab_id="w8:t2"
2026-09-26T12:48:37.310389Z  INFO herdr::logging: tab focused event="tab.focus" subsystem="tab" outcome="ok" workspace_id="w8" tab_id="w8:t2"
2026-09-26T12:48:37.757568Z  INFO herdr::logging: tab focused event="tab.focus" subsystem="tab" outcome="ok" workspace_id="w8" tab_id="w8:t4"
2026-09-26T12:48:37.757593Z  INFO herdr::logging: tab focused event="tab.focus" subsystem="tab" outcome="ok" workspace_id="w8" tab_id="w8:t4"
2026-09-26T12:48:38.202541Z  INFO herdr::logging: tab focused event="tab.focus" subsystem="tab" outcome="ok" workspace_id="w8" tab_id="w8:t5"
2026-09-26T12:48:38.202575Z  INFO herdr::logging: tab focused event="tab.focus" subsystem="tab" outcome="ok" workspace_id="w8" tab_id="w8:t5"
2026-09-26T12:48:38.707443Z  INFO herdr::logging: tab focused event="tab.focus" subsystem="tab" outcome="ok" workspace_id="w8" tab_id="w8:t2"
2026-09-26T12:48:38.707495Z  INFO herdr::logging: tab focused event="tab.focus" subsystem="tab" outcome="ok" workspace_id="w8" tab_id="w8:t2"
2026-09-26T12:48:39.225525Z  INFO herdr::logging: tab focused event="tab.focus" subsystem="tab" outcome="ok" workspace_id="w8" tab_id="w8:t4"
2026-09-26T12:48:39.225550Z  INFO herdr::logging: tab focused event="tab.focus" subsystem="tab" outcome="ok" workspace_id="w8" tab_id="w8:t4"
2026-09-26T12:48:39.695400Z  INFO herdr::logging: tab focused event="tab.focus" subsystem="tab" outcome="ok" workspace_id="w8" tab_id="w8:t5"
2026-09-26T12:48:39.695427Z  INFO herdr::logging: tab focused event="tab.focus" subsystem="tab" outcome="ok" workspace_id="w8" tab_id="w8:t5"
2026-09-26T12:48:40.130480Z  INFO herdr::logging: tab focused event="tab.focus" subsystem="tab" outcome="ok" workspace_id="w8" tab_id="w8:t2"
2026-09-26T12:48:40.130508Z  INFO herdr::logging: tab focused event="tab.focus" subsystem="tab" outcome="ok" workspace_id="w8" tab_id="w8:t2"
2026-09-26T12:48:40.595460Z  INFO herdr::logging: tab focused event="tab.focus" subsystem="tab" outcome="ok" workspace_id="w8" tab_id="w8:t4"
2026-09-26T12:48:40.595493Z  INFO herdr::logging: tab focused event="tab.focus" subsystem="tab" outcome="ok" workspace_id="w8" tab_id="w8:t4"
2026-09-26T12:48:41.135558Z  INFO herdr::logging: tab focused event="tab.focus" subsystem="tab" outcome="ok" workspace_id="w8" tab_id="w8:t5"
2026-09-26T12:48:41.135613Z  INFO herdr::logging: tab focused event="tab.focus" subsystem="tab" outcome="ok" workspace_id="w8" tab_id="w8:t5"
2026-09-26T12:48:41.614577Z  INFO herdr::logging: tab focused event="tab.focus" subsystem="tab" outcome="ok" workspace_id="w8" tab_id="w8:t2"
2026-09-26T12:48:41.614622Z  INFO herdr::logging: tab focused event="tab.focus" subsystem="tab" outcome="ok" workspace_id="w8" tab_id="w8:t2"
2026-09-26T12:48:46.615569Z  INFO herdr::logging: session saved event="persist.save" subsystem="persist" outcome="ok" path=/home/tylerkilburn/.config/herdr/session.json workspaces=2
2026-09-26T12:48:46.909701Z  INFO herdr::logging: tab focused event="tab.focus" subsystem="tab" outcome="ok" workspace_id="w8" tab_id="w8:t4"
2026-09-26T12:48:46.909741Z  INFO herdr::logging: tab focused event="tab.focus" subsystem="tab" outcome="ok" workspace_id="w8" tab_id="w8:t4"
2026-09-26T12:48:47.370686Z  INFO herdr::logging: tab focused event="tab.focus" subsystem="tab" outcome="ok" workspace_id="w8" tab_id="w8:t5"
2026-09-26T12:48:47.370717Z  INFO herdr::logging: tab focused event="tab.focus" subsystem="tab" outcome="ok" workspace_id="w8" tab_id="w8:t5"
2026-09-26T12:48:47.758720Z  INFO herdr::logging: tab focused event="tab.focus" subsystem="tab" outcome="ok" workspace_id="w8" tab_id="w8:t2"
2026-09-26T12:48:47.758759Z  INFO herdr::logging: tab focused event="tab.focus" subsystem="tab" outcome="ok" workspace_id="w8" tab_id="w8:t2"
2026-09-26T12:48:48.177658Z  INFO herdr::logging: tab focused event="tab.focus" subsystem="tab" outcome="ok" workspace_id="w8" tab_id="w8:t4"
2026-09-26T12:48:48.177693Z  INFO herdr::logging: tab focused event="tab.focus" subsystem="tab" outcome="ok" workspace_id="w8" tab_id="w8:t4"
2026-09-26T12:48:48.628594Z  INFO herdr::logging: tab focused event="tab.focus" subsystem="tab" outcome="ok" workspace_id="w8" tab_id="w8:t5"
2026-09-26T12:48:48.628619Z  INFO herdr::logging: tab focused event="tab.focus" subsystem="tab" outcome="ok" workspace_id="w8" tab_id="w8:t5"
2026-09-26T12:48:49.068817Z  INFO herdr::logging: tab focused event="tab.focus" subsystem="tab" outcome="ok" workspace_id="w8" tab_id="w8:t2"
2026-09-26T12:48:49.068847Z  INFO herdr::logging: tab focused event="tab.focus" subsystem="tab" outcome="ok" workspace_id="w8" tab_id="w8:t2"
2026-09-26T12:48:49.495694Z  INFO herdr::logging: tab focused event="tab.focus" subsystem="tab" outcome="ok" workspace_id="w8" tab_id="w8:t4"
2026-09-26T12:48:49.495721Z  INFO herdr::logging: tab focused event="tab.focus" subsystem="tab" outcome="ok" workspace_id="w8" tab_id="w8:t4"
2026-09-26T12:48:50.234853Z  INFO herdr::logging: tab focused event="tab.focus" subsystem="tab" outcome="ok" workspace_id="w8" tab_id="w8:t5"
2026-09-26T12:48:50.234978Z  INFO herdr::logging: tab focused event="tab.focus" subsystem="tab" outcome="ok" workspace_id="w8" tab_id="w8:t5"
2026-09-26T12:48:50.997835Z  INFO herdr::logging: tab focused event="tab.focus" subsystem="tab" outcome="ok" workspace_id="w8" tab_id="w8:t4"
2026-09-26T12:48:50.997878Z  INFO herdr::logging: tab focused event="tab.focus" subsystem="tab" outcome="ok" workspace_id="w8" tab_id="w8:t4"
2026-09-26T12:48:51.697815Z  INFO herdr::logging: tab focused event="tab.focus" subsystem="tab" outcome="ok" workspace_id="w8" tab_id="w8:t2"
2026-09-26T12:48:51.697867Z  INFO herdr::logging: tab focused event="tab.focus" subsystem="tab" outcome="ok" workspace_id="w8" tab_id="w8:t2"
2026-09-26T12:48:52.013638Z  INFO herdr::logging: tab focused event="tab.focus" subsystem="tab" outcome="ok" workspace_id="w8" tab_id="w8:t5"
2026-09-26T12:48:52.013665Z  INFO herdr::logging: tab focused event="tab.focus" subsystem="tab" outcome="ok" workspace_id="w8" tab_id="w8:t5"
2026-09-26T12:48:52.374956Z  INFO herdr::logging: tab focused event="tab.focus" subsystem="tab" outcome="ok" workspace_id="w8" tab_id="w8:t4"
2026-09-26T12:48:52.374989Z  INFO herdr::logging: tab focused event="tab.focus" subsystem="tab" outcome="ok" workspace_id="w8" tab_id="w8:t4"
2026-09-26T12:48:52.902694Z  INFO herdr::logging: tab focused event="tab.focus" subsystem="tab" outcome="ok" workspace_id="w8" tab_id="w8:t2"
2026-09-26T12:48:52.902733Z  INFO herdr::logging: tab focused event="tab.focus" subsystem="tab" outcome="ok" workspace_id="w8" tab_id="w8:t2"
2026-09-26T12:48:54.588688Z  INFO herdr::logging: tab focused event="tab.focus" subsystem="tab" outcome="ok" workspace_id="w8" tab_id="w8:t5"
2026-09-26T12:48:54.588719Z  INFO herdr::logging: tab focused event="tab.focus" subsystem="tab" outcome="ok" workspace_id="w8" tab_id="w8:t5"
2026-09-26T12:48:55.023607Z  INFO herdr::logging: tab focused event="tab.focus" subsystem="tab" outcome="ok" workspace_id="w8" tab_id="w8:t4"
2026-09-26T12:48:55.023635Z  INFO herdr::logging: tab focused event="tab.focus" subsystem="tab" outcome="ok" workspace_id="w8" tab_id="w8:t4"
2026-09-26T12:48:55.438506Z  INFO herdr::logging: tab focused event="tab.focus" subsystem="tab" outcome="ok" workspace_id="w8" tab_id="w8:t2"
2026-09-26T12:48:55.438557Z  INFO herdr::logging: tab focused event="tab.focus" subsystem="tab" outcome="ok" workspace_id="w8" tab_id="w8:t2"
2026-09-26T12:49:00.446798Z  INFO herdr::logging: session saved event="persist.save" subsystem="persist" outcome="ok" path=/home/tylerkilburn/.config/herdr/session.json workspaces=2
2026-09-26T12:49:59.673732Z  INFO herdr::logging: tab focused event="tab.focus" subsystem="tab" outcome="ok" workspace_id="w8" tab_id="w8:t5"
2026-09-26T12:49:59.673765Z  INFO herdr::logging: tab focused event="tab.focus" subsystem="tab" outcome="ok" workspace_id="w8" tab_id="w8:t5"
2026-09-26T12:50:00.209750Z  INFO herdr::logging: tab focused event="tab.focus" subsystem="tab" outcome="ok" workspace_id="w8" tab_id="w8:t4"
2026-09-26T12:50:00.209777Z  INFO herdr::logging: tab focused event="tab.focus" subsystem="tab" outcome="ok" workspace_id="w8" tab_id="w8:t4"
2026-09-26T12:50:00.798804Z  INFO herdr::logging: tab focused event="tab.focus" subsystem="tab" outcome="ok" workspace_id="w8" tab_id="w8:t2"
2026-09-26T12:50:00.798834Z  INFO herdr::logging: tab focused event="tab.focus" subsystem="tab" outcome="ok" workspace_id="w8" tab_id="w8:t2"
2026-09-26T12:50:01.472773Z  INFO herdr::logging: tab focused event="tab.focus" subsystem="tab" outcome="ok" workspace_id="w8" tab_id="w8:t5"
2026-09-26T12:50:01.472813Z  INFO herdr::logging: tab focused event="tab.focus" subsystem="tab" outcome="ok" workspace_id="w8" tab_id="w8:t5"
2026-09-26T12:50:01.969794Z  INFO herdr::logging: tab focused event="tab.focus" subsystem="tab" outcome="ok" workspace_id="w8" tab_id="w8:t4"
2026-09-26T12:50:01.969831Z  INFO herdr::logging: tab focused event="tab.focus" subsystem="tab" outcome="ok" workspace_id="w8" tab_id="w8:t4"
2026-09-26T12:50:02.393854Z  INFO herdr::logging: tab focused event="tab.focus" subsystem="tab" outcome="ok" workspace_id="w8" tab_id="w8:t2"
2026-09-26T12:50:02.393897Z  INFO herdr::logging: tab focused event="tab.focus" subsystem="tab" outcome="ok" workspace_id="w8" tab_id="w8:t2"
2026-09-26T12:50:02.843837Z  INFO herdr::logging: tab focused event="tab.focus" subsystem="tab" outcome="ok" workspace_id="w8" tab_id="w8:t5"
2026-09-26T12:50:02.843960Z  INFO herdr::logging: tab focused event="tab.focus" subsystem="tab" outcome="ok" workspace_id="w8" tab_id="w8:t5"
2026-09-26T12:50:03.349617Z  INFO herdr::logging: tab focused event="tab.focus" subsystem="tab" outcome="ok" workspace_id="w8" tab_id="w8:t4"
2026-09-26T12:50:03.349661Z  INFO herdr::logging: tab focused event="tab.focus" subsystem="tab" outcome="ok" workspace_id="w8" tab_id="w8:t4"
2026-09-26T12:50:04.119748Z  INFO herdr::logging: tab focused event="tab.focus" subsystem="tab" outcome="ok" workspace_id="w8" tab_id="w8:t2"
2026-09-26T12:50:04.119787Z  INFO herdr::logging: tab focused event="tab.focus" subsystem="tab" outcome="ok" workspace_id="w8" tab_id="w8:t2"
2026-09-26T12:50:06.677091Z  INFO herdr::logging: workspace focused event="workspace.focus" subsystem="workspace" outcome="ok" workspace_id="w8"
2026-09-26T12:50:06.677110Z  INFO herdr::logging: tab focused event="tab.focus" subsystem="tab" outcome="ok" workspace_id="w8" tab_id="w8:t2"
2026-09-26T12:50:11.685136Z  INFO herdr::logging: session saved event="persist.save" subsystem="persist" outcome="ok" path=/home/tylerkilburn/.config/herdr/session.json workspaces=2
2026-09-26T12:52:19.389110Z  INFO herdr::logging: spawning pane terminal event="pane.spawn.start" subsystem="pane" outcome="started" pane_id=6 rows=50 cols=102 scrollback_limit_bytes=10000000
2026-09-26T12:52:19.390177Z  INFO herdr::logging: pane child spawned event="pane.spawned" subsystem="pane" outcome="ok" pane_id=6 pid=26132
2026-09-26T12:52:19.390270Z  INFO herdr::logging: tab focused event="tab.focus" subsystem="tab" outcome="ok" workspace_id="w8" tab_id="w8:t2"
2026-09-26T12:52:21.685851Z  INFO herdr::logging: pane child exited event="pane.exit" subsystem="pane" outcome="completed" pane_id=6 status="ExitStatus { code: 0, signal: None }"
2026-09-26T12:52:21.686182Z  INFO herdr::pane: pane session terminated pane=6 pid=26132 signal=Hangup
2026-09-26T12:52:26.688787Z  INFO herdr::logging: session saved event="persist.save" subsystem="persist" outcome="ok" path=/home/tylerkilburn/.config/herdr/session.json workspaces=2
2026-09-26T12:52:57.930042Z  INFO herdr::logging: session saved event="persist.save" subsystem="persist" outcome="ok" path=/home/tylerkilburn/.config/herdr/session.json workspaces=2
2026-09-26T12:53:54.225694Z  INFO herdr::logging: tab focused event="tab.focus" subsystem="tab" outcome="ok" workspace_id="w8" tab_id="w8:t4"
2026-09-26T12:53:54.225725Z  INFO herdr::logging: tab focused event="tab.focus" subsystem="tab" outcome="ok" workspace_id="w8" tab_id="w8:t4"
2026-09-26T12:53:55.421787Z  INFO herdr::logging: tab focused event="tab.focus" subsystem="tab" outcome="ok" workspace_id="w8" tab_id="w8:t5"
2026-09-26T12:53:55.421815Z  INFO herdr::logging: tab focused event="tab.focus" subsystem="tab" outcome="ok" workspace_id="w8" tab_id="w8:t5"
2026-09-26T12:53:56.519847Z  INFO herdr::logging: tab focused event="tab.focus" subsystem="tab" outcome="ok" workspace_id="w8" tab_id="w8:t2"
2026-09-26T12:53:56.519888Z  INFO herdr::logging: tab focused event="tab.focus" subsystem="tab" outcome="ok" workspace_id="w8" tab_id="w8:t2"
2026-09-26T12:53:57.244941Z  INFO herdr::logging: tab focused event="tab.focus" subsystem="tab" outcome="ok" workspace_id="w8" tab_id="w8:t5"
2026-09-26T12:53:57.244994Z  INFO herdr::logging: tab focused event="tab.focus" subsystem="tab" outcome="ok" workspace_id="w8" tab_id="w8:t5"
2026-09-26T12:53:58.462033Z  INFO herdr::logging: tab focused event="tab.focus" subsystem="tab" outcome="ok" workspace_id="w8" tab_id="w8:t4"
2026-09-26T12:53:58.462086Z  INFO herdr::logging: tab focused event="tab.focus" subsystem="tab" outcome="ok" workspace_id="w8" tab_id="w8:t4"
2026-09-26T12:53:59.330989Z  INFO herdr::logging: tab focused event="tab.focus" subsystem="tab" outcome="ok" workspace_id="w8" tab_id="w8:t2"
2026-09-26T12:53:59.331043Z  INFO herdr::logging: tab focused event="tab.focus" subsystem="tab" outcome="ok" workspace_id="w8" tab_id="w8:t2"
2026-09-26T12:54:04.333384Z  INFO herdr::logging: session saved event="persist.save" subsystem="persist" outcome="ok" path=/home/tylerkilburn/.config/herdr/session.json workspaces=2
2026-09-26T12:54:36.984984Z  INFO herdr::logging: spawning pane terminal event="pane.spawn.start" subsystem="pane" outcome="started" pane_id=7 rows=50 cols=94 scrollback_limit_bytes=10000000
2026-09-26T12:54:36.986133Z  INFO herdr::logging: pane child spawned event="pane.spawned" subsystem="pane" outcome="ok" pane_id=7 pid=26715
2026-09-26T12:54:36.986220Z  INFO herdr::logging: tab focused event="tab.focus" subsystem="tab" outcome="ok" workspace_id="w8" tab_id="w8:t2"
2026-09-26T12:54:41.976374Z  INFO herdr::logging: api request received event="api.request.start" subsystem="api" outcome="started" request_id="cli:server:reload-config" method="server.reload_config" changes_ui=true
2026-09-26T12:54:41.976854Z  INFO herdr::logging: api request completed event="api.request.complete" subsystem="api" outcome="ok" request_id="cli:server:reload-config" method="server.reload_config"
2026-09-26T12:54:41.989463Z  INFO herdr::logging: session saved event="persist.save" subsystem="persist" outcome="ok" path=/home/tylerkilburn/.config/herdr/session.json workspaces=2
2026-09-26T12:54:43.752419Z  INFO herdr::logging: pane child exited event="pane.exit" subsystem="pane" outcome="completed" pane_id=7 status="ExitStatus { code: 0, signal: None }"
2026-09-26T12:54:43.752696Z  INFO herdr::pane: pane session terminated pane=7 pid=26715 signal=Hangup
2026-09-26T12:54:48.754759Z  INFO herdr::logging: session saved event="persist.save" subsystem="persist" outcome="ok" path=/home/tylerkilburn/.config/herdr/session.json workspaces=2
2026-09-26T12:55:21.957223Z  INFO herdr::server::headless: client detached client_id=2
2026-09-26T12:55:24.974254Z  INFO herdr::server::headless::lifecycle: server shutdown initiated
2026-09-26T12:55:25.024418Z  INFO herdr::server::headless::lifecycle: completing server shutdown
2026-09-26T12:55:25.024614Z  INFO herdr::logging: session saved event="persist.save" subsystem="persist" outcome="ok" path=/home/tylerkilburn/.config/herdr/session.json workspaces=2
2026-09-26T12:55:25.024620Z  INFO herdr::server::headless: headless server exiting
2026-09-26T12:55:25.025528Z  INFO herdr::logging: pane child exited event="pane.exit" subsystem="pane" outcome="completed" pane_id=1 status="ExitStatus { code: 1, signal: None }"
2026-09-26T12:55:25.026814Z  INFO herdr::pane: pane session terminated pane=1 pid=22639 signal=Hangup
2026-09-26T12:55:25.027546Z  INFO herdr::logging: pane child exited event="pane.exit" subsystem="pane" outcome="completed" pane_id=5 status="ExitStatus { code: 1, signal: None }"
2026-09-26T12:55:25.028783Z  INFO herdr::pane: pane session terminated pane=5 pid=24966 signal=Hangup
2026-09-26T12:55:25.029478Z  INFO herdr::logging: pane child exited event="pane.exit" subsystem="pane" outcome="completed" pane_id=4 status="ExitStatus { code: 1, signal: None }"
2026-09-26T12:55:25.030381Z  INFO herdr::pane: pane session terminated pane=4 pid=24808 signal=Hangup
2026-09-26T12:55:25.030908Z  INFO herdr::logging: pane child exited event="pane.exit" subsystem="pane" outcome="completed" pane_id=2 status="ExitStatus { code: 1, signal: None }"
2026-09-26T12:55:25.031927Z  INFO herdr::pane: pane session terminated pane=2 pid=23122 signal=Hangup
2026-09-26T12:55:25.032563Z  INFO herdr::logging: pane child exited event="pane.exit" subsystem="pane" outcome="completed" pane_id=3 status="ExitStatus { code: 1, signal: None }"
2026-09-26T12:55:25.033498Z  INFO herdr::pane: pane session terminated pane=3 pid=23693 signal=Hangup
2026-09-26T12:55:25.034206Z  INFO herdr::logging: herdr exiting event="app.shutdown" subsystem="server" outcome="completed" pid=22617
2026-09-26T12:55:33.889394Z  INFO herdr::api::server: api server listening path=/home/tylerkilburn/.config/herdr/herdr.sock
2026-09-26T12:55:33.890322Z  INFO herdr::logging: spawning pane terminal event="pane.spawn.start" subsystem="pane" outcome="started" pane_id=1 rows=24 cols=80 scrollback_limit_bytes=10000000
2026-09-26T12:55:33.890888Z  INFO herdr::logging: pane child spawned event="pane.spawned" subsystem="pane" outcome="ok" pane_id=1 pid=27028
2026-09-26T12:55:33.891003Z  INFO herdr::logging: spawning pane terminal event="pane.spawn.start" subsystem="pane" outcome="started" pane_id=2 rows=24 cols=80 scrollback_limit_bytes=10000000
2026-09-26T12:55:33.891487Z  INFO herdr::logging: pane child spawned event="pane.spawned" subsystem="pane" outcome="ok" pane_id=2 pid=27031
2026-09-26T12:55:33.891587Z  INFO herdr::logging: spawning pane terminal event="pane.spawn.start" subsystem="pane" outcome="started" pane_id=3 rows=24 cols=80 scrollback_limit_bytes=10000000
2026-09-26T12:55:33.892052Z  INFO herdr::logging: pane child spawned event="pane.spawned" subsystem="pane" outcome="ok" pane_id=3 pid=27034
2026-09-26T12:55:33.892175Z  INFO herdr::logging: spawning pane terminal event="pane.spawn.start" subsystem="pane" outcome="started" pane_id=4 rows=24 cols=80 scrollback_limit_bytes=10000000
2026-09-26T12:55:33.892583Z  INFO herdr::logging: pane child spawned event="pane.spawned" subsystem="pane" outcome="ok" pane_id=4 pid=27037
2026-09-26T12:55:33.892707Z  INFO herdr::logging: spawning pane terminal event="pane.spawn.start" subsystem="pane" outcome="started" pane_id=5 rows=24 cols=80 scrollback_limit_bytes=10000000
2026-09-26T12:55:33.893143Z  INFO herdr::logging: pane child spawned event="pane.spawned" subsystem="pane" outcome="ok" pane_id=5 pid=27042
2026-09-26T12:55:33.893239Z  INFO herdr::logging: session restore evaluated event="persist.restore" subsystem="persist" outcome="ok" workspaces=2
2026-09-26T12:55:33.893245Z  INFO herdr::app: using pane scrollback configuration pane_scrollback_limit_bytes=10000000
2026-09-26T12:55:33.947738Z  INFO herdr::logging: checking for updates event="update.check.start" subsystem="update" outcome="started"
2026-09-26T12:55:33.948036Z  INFO herdr::server::headless::bootstrap: restored session already has workspaces; ignoring startup cwd cwd=/home/tylerkilburn
2026-09-26T12:55:33.948077Z  INFO herdr::server::headless: client protocol socket listening path=/home/tylerkilburn/.config/herdr/herdr-client.sock
2026-09-26T12:55:33.948117Z  INFO herdr::server::headless::bootstrap: herdr server started api_socket=/home/tylerkilburn/.config/herdr/herdr.sock client_socket=/home/tylerkilburn/.config/herdr/herdr-client.sock
2026-09-26T12:55:33.948167Z  INFO herdr::logging: herdr starting event="app.startup" subsystem="server" outcome="started" pid=27006
2026-09-26T12:55:34.216356Z  INFO herdr::server::headless: client connected client_id=2 cols=170 rows=50 cell_width_px=13 cell_height_px=27 surface_active=true render_encoding=SemanticFrame
2026-09-26T12:56:01.132637Z  INFO herdr::logging: api request received event="api.request.start" subsystem="api" outcome="started" request_id="cli:server:reload-config" method="server.reload_config" changes_ui=true
2026-09-26T12:56:01.133343Z  INFO herdr::logging: api request completed event="api.request.complete" subsystem="api" outcome="ok" request_id="cli:server:reload-config" method="server.reload_config"
2026-09-26T12:57:09.341391Z  INFO herdr::server::headless::lifecycle: server shutdown initiated
2026-09-26T12:57:09.391515Z  INFO herdr::server::headless::lifecycle: completing server shutdown
2026-09-26T12:57:09.442007Z  INFO herdr::logging: session saved event="persist.save" subsystem="persist" outcome="ok" path=/home/tylerkilburn/.config/herdr/session.json workspaces=2
2026-09-26T12:57:09.442016Z  INFO herdr::server::headless: headless server exiting
2026-09-26T12:57:09.442766Z  INFO herdr::logging: pane child exited event="pane.exit" subsystem="pane" outcome="completed" pane_id=3 status="ExitStatus { code: 1, signal: None }"
2026-09-26T12:57:09.444143Z  INFO herdr::pane: pane session terminated pane=3 pid=27034 signal=Hangup
2026-09-26T12:57:09.444789Z  INFO herdr::logging: pane child exited event="pane.exit" subsystem="pane" outcome="completed" pane_id=4 status="ExitStatus { code: 1, signal: None }"
2026-09-26T12:57:09.446005Z  INFO herdr::pane: pane session terminated pane=4 pid=27037 signal=Hangup
2026-09-26T12:57:09.446643Z  INFO herdr::logging: pane child exited event="pane.exit" subsystem="pane" outcome="completed" pane_id=2 status="ExitStatus { code: 1, signal: None }"
2026-09-26T12:57:09.447499Z  INFO herdr::pane: pane session terminated pane=2 pid=27031 signal=Hangup
2026-09-26T12:57:09.448201Z  INFO herdr::logging: pane child exited event="pane.exit" subsystem="pane" outcome="completed" pane_id=1 status="ExitStatus { code: 1, signal: None }"
2026-09-26T12:57:09.449008Z  INFO herdr::pane: pane session terminated pane=1 pid=27028 signal=Hangup
2026-09-26T12:57:09.449646Z  INFO herdr::logging: pane child exited event="pane.exit" subsystem="pane" outcome="completed" pane_id=5 status="ExitStatus { code: 1, signal: None }"
2026-09-26T12:57:09.450584Z  INFO herdr::pane: pane session terminated pane=5 pid=27042 signal=Hangup
2026-09-26T12:57:09.451275Z  INFO herdr::logging: herdr exiting event="app.shutdown" subsystem="server" outcome="completed" pid=27006
2026-09-26T12:57:12.468311Z  INFO herdr::api::server: api server listening path=/home/tylerkilburn/.config/herdr/herdr.sock
2026-09-26T12:57:12.469615Z  INFO herdr::logging: spawning pane terminal event="pane.spawn.start" subsystem="pane" outcome="started" pane_id=1 rows=24 cols=80 scrollback_limit_bytes=10000000
2026-09-26T12:57:12.470297Z  INFO herdr::logging: pane child spawned event="pane.spawned" subsystem="pane" outcome="ok" pane_id=1 pid=27807
2026-09-26T12:57:12.470416Z  INFO herdr::logging: spawning pane terminal event="pane.spawn.start" subsystem="pane" outcome="started" pane_id=2 rows=24 cols=80 scrollback_limit_bytes=10000000
2026-09-26T12:57:12.470872Z  INFO herdr::logging: pane child spawned event="pane.spawned" subsystem="pane" outcome="ok" pane_id=2 pid=27810
2026-09-26T12:57:12.470972Z  INFO herdr::logging: spawning pane terminal event="pane.spawn.start" subsystem="pane" outcome="started" pane_id=3 rows=24 cols=80 scrollback_limit_bytes=10000000
2026-09-26T12:57:12.471472Z  INFO herdr::logging: pane child spawned event="pane.spawned" subsystem="pane" outcome="ok" pane_id=3 pid=27813
2026-09-26T12:57:12.471553Z  INFO herdr::logging: spawning pane terminal event="pane.spawn.start" subsystem="pane" outcome="started" pane_id=4 rows=24 cols=80 scrollback_limit_bytes=10000000
2026-09-26T12:57:12.472007Z  INFO herdr::logging: pane child spawned event="pane.spawned" subsystem="pane" outcome="ok" pane_id=4 pid=27816
2026-09-26T12:57:12.472135Z  INFO herdr::logging: spawning pane terminal event="pane.spawn.start" subsystem="pane" outcome="started" pane_id=5 rows=24 cols=80 scrollback_limit_bytes=10000000
2026-09-26T12:57:12.472565Z  INFO herdr::logging: pane child spawned event="pane.spawned" subsystem="pane" outcome="ok" pane_id=5 pid=27820
2026-09-26T12:57:12.472670Z  INFO herdr::logging: session restore evaluated event="persist.restore" subsystem="persist" outcome="ok" workspaces=2
2026-09-26T12:57:12.472676Z  INFO herdr::app: using pane scrollback configuration pane_scrollback_limit_bytes=10000000
2026-09-26T12:57:12.527340Z  INFO herdr::logging: checking for updates event="update.check.start" subsystem="update" outcome="started"
2026-09-26T12:57:12.527629Z  INFO herdr::server::headless::bootstrap: restored session already has workspaces; ignoring startup cwd cwd=/home/tylerkilburn
2026-09-26T12:57:12.527666Z  INFO herdr::server::headless: client protocol socket listening path=/home/tylerkilburn/.config/herdr/herdr-client.sock
2026-09-26T12:57:12.527692Z  INFO herdr::server::headless::bootstrap: herdr server started api_socket=/home/tylerkilburn/.config/herdr/herdr.sock client_socket=/home/tylerkilburn/.config/herdr/herdr-client.sock
2026-09-26T12:57:12.527777Z  INFO herdr::logging: herdr starting event="app.startup" subsystem="server" outcome="started" pid=27785
2026-09-26T12:57:12.577664Z  INFO herdr::server::headless: client connected client_id=2 cols=170 rows=50 cell_width_px=13 cell_height_px=27 surface_active=true render_encoding=SemanticFrame
2026-09-26T12:58:53.434735Z  INFO herdr::server::headless::lifecycle: server shutdown initiated
2026-09-26T12:58:53.484903Z  INFO herdr::server::headless::lifecycle: completing server shutdown
2026-09-26T12:58:53.535380Z  INFO herdr::logging: session saved event="persist.save" subsystem="persist" outcome="ok" path=/home/tylerkilburn/.config/herdr/session.json workspaces=2
2026-09-26T12:58:53.535387Z  INFO herdr::server::headless: headless server exiting
2026-09-26T12:58:53.536137Z  INFO herdr::logging: pane child exited event="pane.exit" subsystem="pane" outcome="completed" pane_id=5 status="ExitStatus { code: 1, signal: None }"
2026-09-26T12:58:53.537492Z  INFO herdr::pane: pane session terminated pane=5 pid=27820 signal=Hangup
2026-09-26T12:58:53.538214Z  INFO herdr::logging: pane child exited event="pane.exit" subsystem="pane" outcome="completed" pane_id=3 status="ExitStatus { code: 1, signal: None }"
2026-09-26T12:58:53.539385Z  INFO herdr::pane: pane session terminated pane=3 pid=27813 signal=Hangup
2026-09-26T12:58:53.540093Z  INFO herdr::logging: pane child exited event="pane.exit" subsystem="pane" outcome="completed" pane_id=4 status="ExitStatus { code: 1, signal: None }"
2026-09-26T12:58:53.540876Z  INFO herdr::pane: pane session terminated pane=4 pid=27816 signal=Hangup
2026-09-26T12:58:53.541569Z  INFO herdr::logging: pane child exited event="pane.exit" subsystem="pane" outcome="completed" pane_id=2 status="ExitStatus { code: 1, signal: None }"
2026-09-26T12:58:53.542346Z  INFO herdr::pane: pane session terminated pane=2 pid=27810 signal=Hangup
2026-09-26T12:58:53.543190Z  INFO herdr::logging: pane child exited event="pane.exit" subsystem="pane" outcome="completed" pane_id=1 status="ExitStatus { code: 1, signal: None }"
2026-09-26T12:58:53.543758Z  INFO herdr::pane: pane session terminated pane=1 pid=27807 signal=Hangup
2026-09-26T12:58:53.544365Z  INFO herdr::logging: herdr exiting event="app.shutdown" subsystem="server" outcome="completed" pid=27785
2026-09-26T12:58:55.161487Z  INFO herdr::api::server: api server listening path=/home/tylerkilburn/.config/herdr/herdr.sock
2026-09-26T12:58:55.162687Z  INFO herdr::logging: spawning pane terminal event="pane.spawn.start" subsystem="pane" outcome="started" pane_id=1 rows=24 cols=80 scrollback_limit_bytes=10000000
2026-09-26T12:58:55.163550Z  INFO herdr::logging: pane child spawned event="pane.spawned" subsystem="pane" outcome="ok" pane_id=1 pid=29088
2026-09-26T12:58:55.163689Z  INFO herdr::logging: spawning pane terminal event="pane.spawn.start" subsystem="pane" outcome="started" pane_id=2 rows=24 cols=80 scrollback_limit_bytes=10000000
2026-09-26T12:58:55.164302Z  INFO herdr::logging: pane child spawned event="pane.spawned" subsystem="pane" outcome="ok" pane_id=2 pid=29091
2026-09-26T12:58:55.164426Z  INFO herdr::logging: spawning pane terminal event="pane.spawn.start" subsystem="pane" outcome="started" pane_id=3 rows=24 cols=80 scrollback_limit_bytes=10000000
2026-09-26T12:58:55.164861Z  INFO herdr::logging: pane child spawned event="pane.spawned" subsystem="pane" outcome="ok" pane_id=3 pid=29094
2026-09-26T12:58:55.164988Z  INFO herdr::logging: spawning pane terminal event="pane.spawn.start" subsystem="pane" outcome="started" pane_id=4 rows=24 cols=80 scrollback_limit_bytes=10000000
2026-09-26T12:58:55.165460Z  INFO herdr::logging: pane child spawned event="pane.spawned" subsystem="pane" outcome="ok" pane_id=4 pid=29099
2026-09-26T12:58:55.165587Z  INFO herdr::logging: spawning pane terminal event="pane.spawn.start" subsystem="pane" outcome="started" pane_id=5 rows=24 cols=80 scrollback_limit_bytes=10000000
2026-09-26T12:58:55.165958Z  INFO herdr::logging: pane child spawned event="pane.spawned" subsystem="pane" outcome="ok" pane_id=5 pid=29102
2026-09-26T12:58:55.166048Z  INFO herdr::logging: session restore evaluated event="persist.restore" subsystem="persist" outcome="ok" workspaces=2
2026-09-26T12:58:55.166054Z  INFO herdr::app: using pane scrollback configuration pane_scrollback_limit_bytes=10000000
2026-09-26T12:58:55.222250Z  INFO herdr::logging: checking for updates event="update.check.start" subsystem="update" outcome="started"
2026-09-26T12:58:55.222599Z  INFO herdr::server::headless::bootstrap: restored session already has workspaces; ignoring startup cwd cwd=/home/tylerkilburn
2026-09-26T12:58:55.222640Z  INFO herdr::server::headless: client protocol socket listening path=/home/tylerkilburn/.config/herdr/herdr-client.sock
2026-09-26T12:58:55.222659Z  INFO herdr::server::headless::bootstrap: herdr server started api_socket=/home/tylerkilburn/.config/herdr/herdr.sock client_socket=/home/tylerkilburn/.config/herdr/herdr-client.sock
2026-09-26T12:58:55.222711Z  INFO herdr::logging: herdr starting event="app.startup" subsystem="server" outcome="started" pid=29066
2026-09-26T12:58:55.491790Z  INFO herdr::server::headless: client connected client_id=2 cols=170 rows=50 cell_width_px=13 cell_height_px=27 surface_active=true render_encoding=SemanticFrame
2026-09-26T13:00:19.357731Z  INFO herdr::logging: api request received event="api.request.start" subsystem="api" outcome="started" request_id="cli:server:reload-config" method="server.reload_config" changes_ui=true
2026-09-26T13:00:19.358289Z  INFO herdr::logging: api request completed event="api.request.complete" subsystem="api" outcome="ok" request_id="cli:server:reload-config" method="server.reload_config"
2026-09-26T13:02:59.153955Z  INFO herdr::logging: tab focused event="tab.focus" subsystem="tab" outcome="ok" workspace_id="w8" tab_id="w8:t2"
2026-09-26T13:02:59.153980Z  INFO herdr::logging: tab focused event="tab.focus" subsystem="tab" outcome="ok" workspace_id="w8" tab_id="w8:t2"
2026-09-26T13:02:59.664903Z  INFO herdr::logging: tab focused event="tab.focus" subsystem="tab" outcome="ok" workspace_id="w8" tab_id="w8:t2"
2026-09-26T13:02:59.664923Z  INFO herdr::logging: tab focused event="tab.focus" subsystem="tab" outcome="ok" workspace_id="w8" tab_id="w8:t2"
2026-09-26T13:02:59.969586Z  INFO herdr::logging: tab focused event="tab.focus" subsystem="tab" outcome="ok" workspace_id="w8" tab_id="w8:t2"
2026-09-26T13:02:59.969607Z  INFO herdr::logging: tab focused event="tab.focus" subsystem="tab" outcome="ok" workspace_id="w8" tab_id="w8:t2"
2026-09-26T13:03:00.205915Z  INFO herdr::logging: tab focused event="tab.focus" subsystem="tab" outcome="ok" workspace_id="w8" tab_id="w8:t2"
2026-09-26T13:03:00.205931Z  INFO herdr::logging: tab focused event="tab.focus" subsystem="tab" outcome="ok" workspace_id="w8" tab_id="w8:t2"
2026-09-26T13:03:00.364731Z  INFO herdr::logging: tab focused event="tab.focus" subsystem="tab" outcome="ok" workspace_id="w8" tab_id="w8:t2"
2026-09-26T13:03:00.364748Z  INFO herdr::logging: tab focused event="tab.focus" subsystem="tab" outcome="ok" workspace_id="w8" tab_id="w8:t2"
2026-09-26T13:03:00.551917Z  INFO herdr::logging: tab focused event="tab.focus" subsystem="tab" outcome="ok" workspace_id="w8" tab_id="w8:t2"
2026-09-26T13:03:00.551935Z  INFO herdr::logging: tab focused event="tab.focus" subsystem="tab" outcome="ok" workspace_id="w8" tab_id="w8:t2"
2026-09-26T13:03:00.723832Z  INFO herdr::logging: tab focused event="tab.focus" subsystem="tab" outcome="ok" workspace_id="w8" tab_id="w8:t2"
2026-09-26T13:03:00.723877Z  INFO herdr::logging: tab focused event="tab.focus" subsystem="tab" outcome="ok" workspace_id="w8" tab_id="w8:t2"
2026-09-26T13:03:00.994904Z  INFO herdr::logging: tab focused event="tab.focus" subsystem="tab" outcome="ok" workspace_id="w8" tab_id="w8:t2"
2026-09-26T13:03:00.994921Z  INFO herdr::logging: tab focused event="tab.focus" subsystem="tab" outcome="ok" workspace_id="w8" tab_id="w8:t2"
2026-09-26T13:03:01.251814Z  INFO herdr::logging: tab focused event="tab.focus" subsystem="tab" outcome="ok" workspace_id="w8" tab_id="w8:t2"
2026-09-26T13:03:01.251827Z  INFO herdr::logging: tab focused event="tab.focus" subsystem="tab" outcome="ok" workspace_id="w8" tab_id="w8:t2"
2026-09-26T13:03:01.523935Z  INFO herdr::logging: tab focused event="tab.focus" subsystem="tab" outcome="ok" workspace_id="w8" tab_id="w8:t2"
2026-09-26T13:03:01.523953Z  INFO herdr::logging: tab focused event="tab.focus" subsystem="tab" outcome="ok" workspace_id="w8" tab_id="w8:t2"
2026-09-26T13:03:01.693801Z  INFO herdr::logging: tab focused event="tab.focus" subsystem="tab" outcome="ok" workspace_id="w8" tab_id="w8:t2"
2026-09-26T13:03:01.693816Z  INFO herdr::logging: tab focused event="tab.focus" subsystem="tab" outcome="ok" workspace_id="w8" tab_id="w8:t2"
2026-09-26T13:03:01.864839Z  INFO herdr::logging: tab focused event="tab.focus" subsystem="tab" outcome="ok" workspace_id="w8" tab_id="w8:t2"
2026-09-26T13:03:01.864890Z  INFO herdr::logging: tab focused event="tab.focus" subsystem="tab" outcome="ok" workspace_id="w8" tab_id="w8:t2"
2026-09-26T13:03:02.141007Z  INFO herdr::logging: tab focused event="tab.focus" subsystem="tab" outcome="ok" workspace_id="w8" tab_id="w8:t2"
2026-09-26T13:03:02.141024Z  INFO herdr::logging: tab focused event="tab.focus" subsystem="tab" outcome="ok" workspace_id="w8" tab_id="w8:t2"
2026-09-26T13:03:02.372701Z  INFO herdr::logging: tab focused event="tab.focus" subsystem="tab" outcome="ok" workspace_id="w8" tab_id="w8:t2"
2026-09-26T13:03:02.372716Z  INFO herdr::logging: tab focused event="tab.focus" subsystem="tab" outcome="ok" workspace_id="w8" tab_id="w8:t2"
2026-09-26T13:03:02.558999Z  INFO herdr::logging: tab focused event="tab.focus" subsystem="tab" outcome="ok" workspace_id="w8" tab_id="w8:t2"
2026-09-26T13:03:02.559016Z  INFO herdr::logging: tab focused event="tab.focus" subsystem="tab" outcome="ok" workspace_id="w8" tab_id="w8:t2"
2026-09-26T13:03:02.749854Z  INFO herdr::logging: tab focused event="tab.focus" subsystem="tab" outcome="ok" workspace_id="w8" tab_id="w8:t2"
2026-09-26T13:03:02.749874Z  INFO herdr::logging: tab focused event="tab.focus" subsystem="tab" outcome="ok" workspace_id="w8" tab_id="w8:t2"
2026-09-26T13:03:02.979049Z  INFO herdr::logging: tab focused event="tab.focus" subsystem="tab" outcome="ok" workspace_id="w8" tab_id="w8:t2"
2026-09-26T13:03:02.979090Z  INFO herdr::logging: tab focused event="tab.focus" subsystem="tab" outcome="ok" workspace_id="w8" tab_id="w8:t2"
2026-09-26T13:03:03.148840Z  INFO herdr::logging: tab focused event="tab.focus" subsystem="tab" outcome="ok" workspace_id="w8" tab_id="w8:t2"
2026-09-26T13:03:03.148853Z  INFO herdr::logging: tab focused event="tab.focus" subsystem="tab" outcome="ok" workspace_id="w8" tab_id="w8:t2"
2026-09-26T13:03:03.330940Z  INFO herdr::logging: tab focused event="tab.focus" subsystem="tab" outcome="ok" workspace_id="w8" tab_id="w8:t2"
2026-09-26T13:03:03.330953Z  INFO herdr::logging: tab focused event="tab.focus" subsystem="tab" outcome="ok" workspace_id="w8" tab_id="w8:t2"
2026-09-26T13:03:03.560951Z  INFO herdr::logging: tab focused event="tab.focus" subsystem="tab" outcome="ok" workspace_id="w8" tab_id="w8:t2"
2026-09-26T13:03:03.560963Z  INFO herdr::logging: tab focused event="tab.focus" subsystem="tab" outcome="ok" workspace_id="w8" tab_id="w8:t2"
2026-09-26T13:03:03.692909Z  INFO herdr::logging: tab focused event="tab.focus" subsystem="tab" outcome="ok" workspace_id="w8" tab_id="w8:t2"
2026-09-26T13:03:03.692923Z  INFO herdr::logging: tab focused event="tab.focus" subsystem="tab" outcome="ok" workspace_id="w8" tab_id="w8:t2"
2026-09-26T13:03:03.911921Z  INFO herdr::logging: tab focused event="tab.focus" subsystem="tab" outcome="ok" workspace_id="w8" tab_id="w8:t2"
2026-09-26T13:03:03.911933Z  INFO herdr::logging: tab focused event="tab.focus" subsystem="tab" outcome="ok" workspace_id="w8" tab_id="w8:t2"
2026-09-26T13:03:04.049837Z  INFO herdr::logging: tab focused event="tab.focus" subsystem="tab" outcome="ok" workspace_id="w8" tab_id="w8:t2"
2026-09-26T13:03:04.049850Z  INFO herdr::logging: tab focused event="tab.focus" subsystem="tab" outcome="ok" workspace_id="w8" tab_id="w8:t2"
2026-09-26T13:03:04.330914Z  INFO herdr::logging: tab focused event="tab.focus" subsystem="tab" outcome="ok" workspace_id="w8" tab_id="w8:t2"
2026-09-26T13:03:04.330926Z  INFO herdr::logging: tab focused event="tab.focus" subsystem="tab" outcome="ok" workspace_id="w8" tab_id="w8:t2"
2026-09-26T13:03:09.332986Z  INFO herdr::logging: session saved event="persist.save" subsystem="persist" outcome="ok" path=/home/tylerkilburn/.config/herdr/session.json workspaces=2
2026-09-26T13:04:24.808964Z  INFO herdr::logging: tab focused event="tab.focus" subsystem="tab" outcome="ok" workspace_id="w8" tab_id="w8:t2"
2026-09-26T13:04:24.808983Z  INFO herdr::logging: tab focused event="tab.focus" subsystem="tab" outcome="ok" workspace_id="w8" tab_id="w8:t2"
2026-09-26T13:04:25.139600Z  INFO herdr::logging: tab focused event="tab.focus" subsystem="tab" outcome="ok" workspace_id="w8" tab_id="w8:t2"
2026-09-26T13:04:25.139613Z  INFO herdr::logging: tab focused event="tab.focus" subsystem="tab" outcome="ok" workspace_id="w8" tab_id="w8:t2"
2026-09-26T13:04:25.363762Z  INFO herdr::logging: tab focused event="tab.focus" subsystem="tab" outcome="ok" workspace_id="w8" tab_id="w8:t2"
2026-09-26T13:04:25.363777Z  INFO herdr::logging: tab focused event="tab.focus" subsystem="tab" outcome="ok" workspace_id="w8" tab_id="w8:t2"
2026-09-26T13:04:25.683707Z  INFO herdr::logging: tab focused event="tab.focus" subsystem="tab" outcome="ok" workspace_id="w8" tab_id="w8:t2"
2026-09-26T13:04:25.683719Z  INFO herdr::logging: tab focused event="tab.focus" subsystem="tab" outcome="ok" workspace_id="w8" tab_id="w8:t2"
2026-09-26T13:04:27.032837Z  INFO herdr::logging: tab focused event="tab.focus" subsystem="tab" outcome="ok" workspace_id="w8" tab_id="w8:t2"
2026-09-26T13:04:27.032853Z  INFO herdr::logging: tab focused event="tab.focus" subsystem="tab" outcome="ok" workspace_id="w8" tab_id="w8:t2"
2026-09-26T13:04:31.962755Z  INFO herdr::logging: tab focused event="tab.focus" subsystem="tab" outcome="ok" workspace_id="w8" tab_id="w8:t2"
2026-09-26T13:04:31.962767Z  INFO herdr::logging: tab focused event="tab.focus" subsystem="tab" outcome="ok" workspace_id="w8" tab_id="w8:t2"
2026-09-26T13:04:33.447777Z  INFO herdr::logging: tab focused event="tab.focus" subsystem="tab" outcome="ok" workspace_id="w8" tab_id="w8:t2"
2026-09-26T13:04:33.447793Z  INFO herdr::logging: tab focused event="tab.focus" subsystem="tab" outcome="ok" workspace_id="w8" tab_id="w8:t2"
2026-09-26T13:04:33.753688Z  INFO herdr::logging: tab focused event="tab.focus" subsystem="tab" outcome="ok" workspace_id="w8" tab_id="w8:t2"
2026-09-26T13:04:33.753727Z  INFO herdr::logging: tab focused event="tab.focus" subsystem="tab" outcome="ok" workspace_id="w8" tab_id="w8:t2"
2026-09-26T13:04:34.608862Z  INFO herdr::logging: tab focused event="tab.focus" subsystem="tab" outcome="ok" workspace_id="w8" tab_id="w8:t2"
2026-09-26T13:04:34.608882Z  INFO herdr::logging: tab focused event="tab.focus" subsystem="tab" outcome="ok" workspace_id="w8" tab_id="w8:t2"
2026-09-26T13:04:35.197898Z  INFO herdr::logging: tab focused event="tab.focus" subsystem="tab" outcome="ok" workspace_id="w8" tab_id="w8:t2"
2026-09-26T13:04:35.197915Z  INFO herdr::logging: tab focused event="tab.focus" subsystem="tab" outcome="ok" workspace_id="w8" tab_id="w8:t2"
2026-09-26T13:04:36.268005Z  INFO herdr::logging: tab focused event="tab.focus" subsystem="tab" outcome="ok" workspace_id="w8" tab_id="w8:t2"
2026-09-26T13:04:36.268022Z  INFO herdr::logging: tab focused event="tab.focus" subsystem="tab" outcome="ok" workspace_id="w8" tab_id="w8:t2"
2026-09-26T13:04:36.876840Z  INFO herdr::logging: tab focused event="tab.focus" subsystem="tab" outcome="ok" workspace_id="w8" tab_id="w8:t2"
2026-09-26T13:04:36.876861Z  INFO herdr::logging: tab focused event="tab.focus" subsystem="tab" outcome="ok" workspace_id="w8" tab_id="w8:t2"
2026-09-26T13:04:41.879312Z  INFO herdr::logging: session saved event="persist.save" subsystem="persist" outcome="ok" path=/home/tylerkilburn/.config/herdr/session.json workspaces=2
2026-09-26T13:06:07.860909Z  INFO herdr::logging: tab focused event="tab.focus" subsystem="tab" outcome="ok" workspace_id="w8" tab_id="w8:t4"
2026-09-26T13:06:07.860972Z  INFO herdr::logging: tab focused event="tab.focus" subsystem="tab" outcome="ok" workspace_id="w8" tab_id="w8:t4"
2026-09-26T13:06:08.989885Z  INFO herdr::logging: tab focused event="tab.focus" subsystem="tab" outcome="ok" workspace_id="w8" tab_id="w8:t2"
2026-09-26T13:06:08.989921Z  INFO herdr::logging: tab focused event="tab.focus" subsystem="tab" outcome="ok" workspace_id="w8" tab_id="w8:t2"
2026-09-26T13:06:09.707861Z  INFO herdr::logging: tab focused event="tab.focus" subsystem="tab" outcome="ok" workspace_id="w8" tab_id="w8:t4"
2026-09-26T13:06:09.707895Z  INFO herdr::logging: tab focused event="tab.focus" subsystem="tab" outcome="ok" workspace_id="w8" tab_id="w8:t4"
2026-09-26T13:06:10.419189Z  INFO herdr::logging: tab focused event="tab.focus" subsystem="tab" outcome="ok" workspace_id="w8" tab_id="w8:t5"
2026-09-26T13:06:10.419219Z  INFO herdr::logging: tab focused event="tab.focus" subsystem="tab" outcome="ok" workspace_id="w8" tab_id="w8:t5"
2026-09-26T13:06:11.222899Z  INFO herdr::logging: tab focused event="tab.focus" subsystem="tab" outcome="ok" workspace_id="w8" tab_id="w8:t2"
2026-09-26T13:06:11.222929Z  INFO herdr::logging: tab focused event="tab.focus" subsystem="tab" outcome="ok" workspace_id="w8" tab_id="w8:t2"
2026-09-26T13:06:12.485957Z  INFO herdr::logging: tab focused event="tab.focus" subsystem="tab" outcome="ok" workspace_id="w8" tab_id="w8:t2"
2026-09-26T13:06:13.130852Z  INFO herdr::logging: tab focused event="tab.focus" subsystem="tab" outcome="ok" workspace_id="w8" tab_id="w8:t4"
2026-09-26T13:06:13.130888Z  INFO herdr::logging: tab focused event="tab.focus" subsystem="tab" outcome="ok" workspace_id="w8" tab_id="w8:t4"
2026-09-26T13:06:13.856135Z  INFO herdr::logging: tab focused event="tab.focus" subsystem="tab" outcome="ok" workspace_id="w8" tab_id="w8:t5"
2026-09-26T13:06:13.856162Z  INFO herdr::logging: tab focused event="tab.focus" subsystem="tab" outcome="ok" workspace_id="w8" tab_id="w8:t5"
2026-09-26T13:06:14.634024Z  INFO herdr::logging: tab focused event="tab.focus" subsystem="tab" outcome="ok" workspace_id="w8" tab_id="w8:t2"
2026-09-26T13:06:14.634077Z  INFO herdr::logging: tab focused event="tab.focus" subsystem="tab" outcome="ok" workspace_id="w8" tab_id="w8:t2"
2026-09-26T13:06:15.438985Z  INFO herdr::logging: tab focused event="tab.focus" subsystem="tab" outcome="ok" workspace_id="w8" tab_id="w8:t2"
2026-09-26T13:06:16.250066Z  INFO herdr::logging: tab focused event="tab.focus" subsystem="tab" outcome="ok" workspace_id="w8" tab_id="w8:t4"
2026-09-26T13:06:16.250093Z  INFO herdr::logging: tab focused event="tab.focus" subsystem="tab" outcome="ok" workspace_id="w8" tab_id="w8:t4"
2026-09-26T13:06:21.251941Z  INFO herdr::logging: session saved event="persist.save" subsystem="persist" outcome="ok" path=/home/tylerkilburn/.config/herdr/session.json workspaces=2
2026-09-26T13:07:24.243816Z  INFO herdr::logging: tab focused event="tab.focus" subsystem="tab" outcome="ok" workspace_id="w8" tab_id="w8:t2"
2026-09-26T13:07:24.243851Z  INFO herdr::logging: tab focused event="tab.focus" subsystem="tab" outcome="ok" workspace_id="w8" tab_id="w8:t2"
2026-09-26T13:07:29.252832Z  INFO herdr::logging: session saved event="persist.save" subsystem="persist" outcome="ok" path=/home/tylerkilburn/.config/herdr/session.json workspaces=2
2026-09-26T13:08:04.680089Z  INFO herdr::logging: api request received event="api.request.start" subsystem="api" outcome="started" request_id="cli:plugin" method="plugin.unlink" changes_ui=true
2026-09-26T13:08:04.680536Z  INFO herdr::logging: api request completed event="api.request.complete" subsystem="api" outcome="ok" request_id="cli:plugin" method="plugin.unlink"
2026-09-26T13:08:22.103075Z  INFO herdr::logging: api request received event="api.request.start" subsystem="api" outcome="started" request_id="cli:plugin" method="plugin.unlink" changes_ui=true
2026-09-26T13:08:22.103365Z  INFO herdr::logging: api request completed event="api.request.complete" subsystem="api" outcome="ok" request_id="cli:plugin" method="plugin.unlink"
2026-09-26T13:09:00.720340Z  INFO herdr::logging: api request received event="api.request.start" subsystem="api" outcome="started" request_id="cli:plugin" method="plugin.unlink" changes_ui=true
2026-09-26T13:09:00.725051Z  INFO herdr::logging: api request completed event="api.request.complete" subsystem="api" outcome="ok" request_id="cli:plugin" method="plugin.unlink"
2026-09-26T13:09:16.748210Z  WARN herdr::config::keybinds: config diagnostic invalid keybinding: keys.next_tab = "prefix+prefix"; disabling binding
2026-09-26T13:09:16.748267Z  WARN herdr::config::keybinds: config diagnostic invalid keybinding: keys.next_tab = "prefix+prefix"; disabling binding
2026-09-26T13:09:16.748330Z  WARN herdr::config::keybinds: config diagnostic invalid keybinding: keys.next_tab = "prefix+prefix"; disabling binding
2026-09-26T13:09:19.351557Z  INFO herdr::logging: tab focused event="tab.focus" subsystem="tab" outcome="ok" workspace_id="w8" tab_id="w8:t5"
2026-09-26T13:09:19.351586Z  INFO herdr::logging: tab focused event="tab.focus" subsystem="tab" outcome="ok" workspace_id="w8" tab_id="w8:t5"
2026-09-26T13:09:20.658539Z  INFO herdr::logging: tab focused event="tab.focus" subsystem="tab" outcome="ok" workspace_id="w8" tab_id="w8:t4"
2026-09-26T13:09:20.658567Z  INFO herdr::logging: tab focused event="tab.focus" subsystem="tab" outcome="ok" workspace_id="w8" tab_id="w8:t4"
2026-09-26T13:09:21.392607Z  INFO herdr::logging: tab focused event="tab.focus" subsystem="tab" outcome="ok" workspace_id="w8" tab_id="w8:t2"
2026-09-26T13:09:21.392651Z  INFO herdr::logging: tab focused event="tab.focus" subsystem="tab" outcome="ok" workspace_id="w8" tab_id="w8:t2"
2026-09-26T13:09:26.395419Z  INFO herdr::logging: session saved event="persist.save" subsystem="persist" outcome="ok" path=/home/tylerkilburn/.config/herdr/session.json workspaces=2
2026-09-26T13:09:36.578550Z  WARN herdr::config::keybinds: config diagnostic reserved keybinding: keys.next_tab = "prefix+alt+m" uses keys.prefix as the prefix-mode key; pressing the prefix twice sends a literal prefix key, so this binding is disabled
2026-09-26T13:09:36.578608Z  WARN herdr::config::keybinds: config diagnostic reserved keybinding: keys.next_tab = "prefix+alt+m" uses keys.prefix as the prefix-mode key; pressing the prefix twice sends a literal prefix key, so this binding is disabled
2026-09-26T13:09:36.578661Z  WARN herdr::config::keybinds: config diagnostic reserved keybinding: keys.next_tab = "prefix+alt+m" uses keys.prefix as the prefix-mode key; pressing the prefix twice sends a literal prefix key, so this binding is disabled
2026-09-26T13:11:36.862584Z  WARN herdr::config::keybinds: config diagnostic reserved keybinding: keys.next_tab = "prefix+alt+m" uses keys.prefix as the prefix-mode key; pressing the prefix twice sends a literal prefix key, so this binding is disabled
2026-09-26T13:11:36.862640Z  WARN herdr::config::keybinds: config diagnostic reserved keybinding: keys.next_tab = "prefix+alt+m" uses keys.prefix as the prefix-mode key; pressing the prefix twice sends a literal prefix key, so this binding is disabled
2026-09-26T13:11:36.862698Z  WARN herdr::config::keybinds: config diagnostic reserved keybinding: keys.next_tab = "prefix+alt+m" uses keys.prefix as the prefix-mode key; pressing the prefix twice sends a literal prefix key, so this binding is disabled
2026-09-26T13:15:54.725007Z  WARN herdr::config::keybinds: config diagnostic reserved keybinding: keys.next_tab = "prefix+alt+m" uses keys.prefix as the prefix-mode key; pressing the prefix twice sends a literal prefix key, so this binding is disabled
2026-09-26T13:15:54.725125Z  WARN herdr::config::keybinds: config diagnostic reserved keybinding: keys.next_tab = "prefix+alt+m" uses keys.prefix as the prefix-mode key; pressing the prefix twice sends a literal prefix key, so this binding is disabled
2026-09-26T13:15:54.725182Z  WARN herdr::config::keybinds: config diagnostic reserved keybinding: keys.next_tab = "prefix+alt+m" uses keys.prefix as the prefix-mode key; pressing the prefix twice sends a literal prefix key, so this binding is disabled
2026-09-26T13:17:10.199256Z  INFO herdr::logging: api request received event="api.request.start" subsystem="api" outcome="started" request_id="cli:server:reload-config" method="server.reload_config" changes_ui=true
2026-09-26T13:17:10.199776Z  INFO herdr::logging: api request completed event="api.request.complete" subsystem="api" outcome="ok" request_id="cli:server:reload-config" method="server.reload_config"
2026-09-26T13:18:13.849500Z  INFO herdr::logging: api request received event="api.request.start" subsystem="api" outcome="started" request_id="cli:server:reload-config" method="server.reload_config" changes_ui=true
2026-09-26T13:18:13.849983Z  INFO herdr::logging: api request completed event="api.request.complete" subsystem="api" outcome="ok" request_id="cli:server:reload-config" method="server.reload_config"
2026-09-26T13:18:38.869402Z  INFO herdr::logging: api request received event="api.request.start" subsystem="api" outcome="started" request_id="cli:server:reload-config" method="server.reload_config" changes_ui=true
2026-09-26T13:18:38.869665Z  WARN herdr::config::keybinds: config diagnostic reserved keybinding: keys.next_tab = "prefix+alt+m" uses keys.prefix as the prefix-mode key; pressing the prefix twice sends a literal prefix key, so this binding is disabled
2026-09-26T13:18:38.869724Z  WARN herdr::config::keybinds: config diagnostic reserved keybinding: keys.next_tab = "prefix+alt+m" uses keys.prefix as the prefix-mode key; pressing the prefix twice sends a literal prefix key, so this binding is disabled
2026-09-26T13:18:38.869779Z  WARN herdr::config::keybinds: config diagnostic reserved keybinding: keys.next_tab = "prefix+alt+m" uses keys.prefix as the prefix-mode key; pressing the prefix twice sends a literal prefix key, so this binding is disabled
2026-09-26T13:18:38.869994Z  INFO herdr::logging: api request completed event="api.request.complete" subsystem="api" outcome="ok" request_id="cli:server:reload-config" method="server.reload_config"
2026-09-26T13:18:53.883229Z  INFO herdr::logging: tab focused event="tab.focus" subsystem="tab" outcome="ok" workspace_id="w8" tab_id="w8:t5"
2026-09-26T13:18:53.883281Z  INFO herdr::logging: tab focused event="tab.focus" subsystem="tab" outcome="ok" workspace_id="w8" tab_id="w8:t5"
2026-09-26T13:18:56.554448Z  INFO herdr::logging: tab focused event="tab.focus" subsystem="tab" outcome="ok" workspace_id="w8" tab_id="w8:t2"
2026-09-26T13:18:56.554478Z  INFO herdr::logging: tab focused event="tab.focus" subsystem="tab" outcome="ok" workspace_id="w8" tab_id="w8:t2"
2026-09-26T13:19:00.081486Z  INFO herdr::logging: tab focused event="tab.focus" subsystem="tab" outcome="ok" workspace_id="w8" tab_id="w8:t5"
2026-09-26T13:19:00.081540Z  INFO herdr::logging: tab focused event="tab.focus" subsystem="tab" outcome="ok" workspace_id="w8" tab_id="w8:t5"
2026-09-26T13:19:00.965475Z  INFO herdr::logging: tab focused event="tab.focus" subsystem="tab" outcome="ok" workspace_id="w8" tab_id="w8:t4"
2026-09-26T13:19:00.965503Z  INFO herdr::logging: tab focused event="tab.focus" subsystem="tab" outcome="ok" workspace_id="w8" tab_id="w8:t4"
2026-09-26T13:19:01.530520Z  INFO herdr::logging: tab focused event="tab.focus" subsystem="tab" outcome="ok" workspace_id="w8" tab_id="w8:t2"
2026-09-26T13:19:01.530549Z  INFO herdr::logging: tab focused event="tab.focus" subsystem="tab" outcome="ok" workspace_id="w8" tab_id="w8:t2"
2026-09-26T13:19:03.529652Z  INFO herdr::logging: tab focused event="tab.focus" subsystem="tab" outcome="ok" workspace_id="w8" tab_id="w8:t5"
2026-09-26T13:19:03.529683Z  INFO herdr::logging: tab focused event="tab.focus" subsystem="tab" outcome="ok" workspace_id="w8" tab_id="w8:t5"
2026-09-26T13:19:04.177491Z  INFO herdr::logging: tab focused event="tab.focus" subsystem="tab" outcome="ok" workspace_id="w8" tab_id="w8:t4"
2026-09-26T13:19:04.177515Z  INFO herdr::logging: tab focused event="tab.focus" subsystem="tab" outcome="ok" workspace_id="w8" tab_id="w8:t4"
2026-09-26T13:19:04.756657Z  INFO herdr::logging: tab focused event="tab.focus" subsystem="tab" outcome="ok" workspace_id="w8" tab_id="w8:t2"
2026-09-26T13:19:04.756686Z  INFO herdr::logging: tab focused event="tab.focus" subsystem="tab" outcome="ok" workspace_id="w8" tab_id="w8:t2"
2026-09-26T13:19:09.765306Z  INFO herdr::logging: session saved event="persist.save" subsystem="persist" outcome="ok" path=/home/tylerkilburn/.config/herdr/session.json workspaces=2
2026-09-26T13:19:38.010345Z  INFO herdr::logging: spawning pane terminal event="pane.spawn.start" subsystem="pane" outcome="started" pane_id=6 rows=50 cols=102 scrollback_limit_bytes=10000000
2026-09-26T13:19:38.011444Z  INFO herdr::logging: pane child spawned event="pane.spawned" subsystem="pane" outcome="ok" pane_id=6 pid=33364
2026-09-26T13:19:38.011535Z  INFO herdr::logging: tab focused event="tab.focus" subsystem="tab" outcome="ok" workspace_id="w8" tab_id="w8:t2"
2026-09-26T13:19:38.810276Z  INFO herdr::logging: spawning pane terminal event="pane.spawn.start" subsystem="pane" outcome="started" pane_id=7 rows=50 cols=170 scrollback_limit_bytes=10000000
2026-09-26T13:19:38.811401Z  INFO herdr::logging: pane child spawned event="pane.spawned" subsystem="pane" outcome="ok" pane_id=7 pid=33452
2026-09-26T13:19:38.811515Z  INFO herdr::logging: tab focused event="tab.focus" subsystem="tab" outcome="ok" workspace_id="w8" tab_id="w8:t2"
2026-09-26T13:19:39.416422Z  INFO herdr::logging: spawning pane terminal event="pane.spawn.start" subsystem="pane" outcome="started" pane_id=8 rows=50 cols=170 scrollback_limit_bytes=10000000
2026-09-26T13:19:39.417603Z  INFO herdr::logging: pane child spawned event="pane.spawned" subsystem="pane" outcome="ok" pane_id=8 pid=33543
2026-09-26T13:19:39.417688Z  INFO herdr::logging: tab focused event="tab.focus" subsystem="tab" outcome="ok" workspace_id="w8" tab_id="w8:t2"
2026-09-26T13:19:42.793210Z  INFO herdr::logging: spawning pane terminal event="pane.spawn.start" subsystem="pane" outcome="started" pane_id=9 rows=50 cols=170 scrollback_limit_bytes=10000000
2026-09-26T13:19:42.794257Z  INFO herdr::logging: pane child spawned event="pane.spawned" subsystem="pane" outcome="ok" pane_id=9 pid=33639
2026-09-26T13:19:42.794349Z  INFO herdr::logging: tab focused event="tab.focus" subsystem="tab" outcome="ok" workspace_id="w8" tab_id="w8:t2"
2026-09-26T13:19:47.796322Z  INFO herdr::logging: session saved event="persist.save" subsystem="persist" outcome="ok" path=/home/tylerkilburn/.config/herdr/session.json workspaces=2
2026-09-26T13:20:12.530002Z  INFO herdr::logging: pane child exited event="pane.exit" subsystem="pane" outcome="completed" pane_id=9 status="ExitStatus { code: 0, signal: None }"
2026-09-26T13:20:12.534611Z  INFO herdr::pane: pane session terminated pane=9 pid=33639 signal=Hangup
2026-09-26T13:20:14.088916Z  INFO herdr::logging: pane child exited event="pane.exit" subsystem="pane" outcome="completed" pane_id=8 status="ExitStatus { code: 0, signal: None }"
2026-09-26T13:20:14.089130Z  INFO herdr::pane: pane session terminated pane=8 pid=33543 signal=Hangup
2026-09-26T13:20:15.555745Z  INFO herdr::logging: pane child exited event="pane.exit" subsystem="pane" outcome="completed" pane_id=7 status="ExitStatus { code: 0, signal: None }"
2026-09-26T13:20:15.555859Z  INFO herdr::pane: pane session terminated pane=7 pid=33452 signal=Hangup
2026-09-26T13:20:19.857579Z  INFO herdr::logging: pane child exited event="pane.exit" subsystem="pane" outcome="completed" pane_id=6 status="ExitStatus { code: 0, signal: None }"
2026-09-26T13:20:19.857656Z  INFO herdr::pane: pane session terminated pane=6 pid=33364 signal=Hangup
2026-09-26T13:20:21.961400Z  INFO herdr::logging: spawning pane terminal event="pane.spawn.start" subsystem="pane" outcome="started" pane_id=10 rows=50 cols=102 scrollback_limit_bytes=10000000
2026-09-26T13:20:21.962568Z  INFO herdr::logging: pane child spawned event="pane.spawned" subsystem="pane" outcome="ok" pane_id=10 pid=33886
2026-09-26T13:20:21.962644Z  INFO herdr::logging: tab focused event="tab.focus" subsystem="tab" outcome="ok" workspace_id="w8" tab_id="w8:t2"
2026-09-26T13:20:25.435729Z  INFO herdr::logging: pane child exited event="pane.exit" subsystem="pane" outcome="completed" pane_id=10 status="ExitStatus { code: 0, signal: None }"
2026-09-26T13:20:25.435802Z  INFO herdr::pane: pane session terminated pane=10 pid=33886 signal=Hangup
2026-09-26T13:20:30.444722Z  INFO herdr::logging: session saved event="persist.save" subsystem="persist" outcome="ok" path=/home/tylerkilburn/.config/herdr/session.json workspaces=2
2026-09-26T13:22:25.240122Z  WARN herdr::config::keybinds: config diagnostic reserved keybinding: keys.next_tab = "prefix+alt+m" uses keys.prefix as the prefix-mode key; pressing the prefix twice sends a literal prefix key, so this binding is disabled
2026-09-26T13:22:25.240184Z  WARN herdr::config::keybinds: config diagnostic reserved keybinding: keys.next_tab = "prefix+alt+m" uses keys.prefix as the prefix-mode key; pressing the prefix twice sends a literal prefix key, so this binding is disabled
2026-09-26T13:22:25.240239Z  WARN herdr::config::keybinds: config diagnostic reserved keybinding: keys.next_tab = "prefix+alt+m" uses keys.prefix as the prefix-mode key; pressing the prefix twice sends a literal prefix key, so this binding is disabled
2026-09-26T13:28:55.223497Z  INFO herdr::logging: checking for updates event="update.check.start" subsystem="update" outcome="started"
2026-09-26T13:28:55.223716Z  WARN herdr::config::keybinds: config diagnostic alt+m: kept keys.prefix, disabled keys.next_tab
2026-09-26T13:28:55.223724Z  WARN herdr::config::keybinds: config diagnostic alt+m: kept keys.prefix, disabled keys.next_tab
2026-09-26T13:28:55.223949Z  WARN herdr::config::keybinds: config diagnostic alt+m: kept keys.prefix, disabled keys.next_tab
2026-09-26T13:28:55.223957Z  WARN herdr::config::keybinds: config diagnostic alt+m: kept keys.prefix, disabled keys.next_tab
2026-09-26T13:35:50.427821Z  INFO herdr::logging: tab focused event="tab.focus" subsystem="tab" outcome="ok" workspace_id="w8" tab_id="w8:t2"
2026-09-26T13:35:55.430054Z  INFO herdr::logging: session saved event="persist.save" subsystem="persist" outcome="ok" path=/home/tylerkilburn/.config/herdr/session.json workspaces=2
2026-09-26T13:37:38.593939Z  INFO herdr::logging: tab focused event="tab.focus" subsystem="tab" outcome="ok" workspace_id="w8" tab_id="w8:t2"
2026-09-26T13:37:43.595675Z  INFO herdr::logging: session saved event="persist.save" subsystem="persist" outcome="ok" path=/home/tylerkilburn/.config/herdr/session.json workspaces=2
2026-09-26T13:38:12.733608Z  INFO herdr::logging: tab focused event="tab.focus" subsystem="tab" outcome="ok" workspace_id="w8" tab_id="w8:t2"
2026-09-26T13:38:12.733635Z  INFO herdr::logging: tab focused event="tab.focus" subsystem="tab" outcome="ok" workspace_id="w8" tab_id="w8:t2"
2026-09-26T13:38:13.397970Z  INFO herdr::logging: spawning pane terminal event="pane.spawn.start" subsystem="pane" outcome="started" pane_id=11 rows=50 cols=115 scrollback_limit_bytes=10000000
2026-09-26T13:38:13.399045Z  INFO herdr::logging: pane child spawned event="pane.spawned" subsystem="pane" outcome="ok" pane_id=11 pid=38208
2026-09-26T13:38:13.399129Z  INFO herdr::logging: tab focused event="tab.focus" subsystem="tab" outcome="ok" workspace_id="w8" tab_id="w8:t2"
2026-09-26T13:38:18.402342Z  INFO herdr::logging: session saved event="persist.save" subsystem="persist" outcome="ok" path=/home/tylerkilburn/.config/herdr/session.json workspaces=2
2026-09-26T13:38:18.888836Z  INFO herdr::logging: tab focused event="tab.focus" subsystem="tab" outcome="ok" workspace_id="w8" tab_id="w8:t4"
2026-09-26T13:38:18.888883Z  INFO herdr::logging: tab focused event="tab.focus" subsystem="tab" outcome="ok" workspace_id="w8" tab_id="w8:t4"
2026-09-26T13:38:20.043566Z  INFO herdr::logging: tab focused event="tab.focus" subsystem="tab" outcome="ok" workspace_id="w8" tab_id="w8:t2"
2026-09-26T13:38:20.043608Z  INFO herdr::logging: tab focused event="tab.focus" subsystem="tab" outcome="ok" workspace_id="w8" tab_id="w8:t2"
2026-09-26T13:38:25.045415Z  INFO herdr::logging: session saved event="persist.save" subsystem="persist" outcome="ok" path=/home/tylerkilburn/.config/herdr/session.json workspaces=2
2026-09-26T13:38:26.682200Z  INFO herdr::logging: pane child exited event="pane.exit" subsystem="pane" outcome="completed" pane_id=11 status="ExitStatus { code: 0, signal: None }"
2026-09-26T13:38:26.682304Z  INFO herdr::pane: pane session terminated pane=11 pid=38208 signal=Hangup
2026-09-26T13:38:31.690967Z  INFO herdr::logging: session saved event="persist.save" subsystem="persist" outcome="ok" path=/home/tylerkilburn/.config/herdr/session.json workspaces=2
2026-09-26T13:38:32.365748Z  INFO herdr::logging: tab focused event="tab.focus" subsystem="tab" outcome="ok" workspace_id="w8" tab_id="w8:t2"
2026-09-26T13:38:32.365769Z  INFO herdr::logging: tab focused event="tab.focus" subsystem="tab" outcome="ok" workspace_id="w8" tab_id="w8:t2"
2026-09-26T13:38:32.690088Z  INFO herdr::logging: tab focused event="tab.focus" subsystem="tab" outcome="ok" workspace_id="w8" tab_id="w8:t2"
2026-09-26T13:38:32.690101Z  INFO herdr::logging: tab focused event="tab.focus" subsystem="tab" outcome="ok" workspace_id="w8" tab_id="w8:t2"
2026-09-26T13:38:33.265320Z  INFO herdr::logging: workspace focused event="workspace.focus" subsystem="workspace" outcome="ok" workspace_id="w8"
2026-09-26T13:38:33.265339Z  INFO herdr::logging: tab focused event="tab.focus" subsystem="tab" outcome="ok" workspace_id="w8" tab_id="w8:t2"
2026-09-26T13:38:35.755235Z  INFO herdr::logging: tab focused event="tab.focus" subsystem="tab" outcome="ok" workspace_id="w8" tab_id="w8:t2"
2026-09-26T13:38:35.755252Z  INFO herdr::logging: tab focused event="tab.focus" subsystem="tab" outcome="ok" workspace_id="w8" tab_id="w8:t2"
2026-09-26T13:38:36.052025Z  INFO herdr::logging: tab focused event="tab.focus" subsystem="tab" outcome="ok" workspace_id="w8" tab_id="w8:t2"
2026-09-26T13:38:36.052040Z  INFO herdr::logging: tab focused event="tab.focus" subsystem="tab" outcome="ok" workspace_id="w8" tab_id="w8:t2"
2026-09-26T13:38:36.262161Z  INFO herdr::logging: tab focused event="tab.focus" subsystem="tab" outcome="ok" workspace_id="w8" tab_id="w8:t2"
2026-09-26T13:38:36.262201Z  INFO herdr::logging: tab focused event="tab.focus" subsystem="tab" outcome="ok" workspace_id="w8" tab_id="w8:t2"
2026-09-26T13:38:36.415204Z  INFO herdr::logging: tab focused event="tab.focus" subsystem="tab" outcome="ok" workspace_id="w8" tab_id="w8:t2"
2026-09-26T13:38:36.415215Z  INFO herdr::logging: tab focused event="tab.focus" subsystem="tab" outcome="ok" workspace_id="w8" tab_id="w8:t2"
2026-09-26T13:38:36.582169Z  INFO herdr::logging: tab focused event="tab.focus" subsystem="tab" outcome="ok" workspace_id="w8" tab_id="w8:t2"
2026-09-26T13:38:36.582182Z  INFO herdr::logging: tab focused event="tab.focus" subsystem="tab" outcome="ok" workspace_id="w8" tab_id="w8:t2"
2026-09-26T13:38:36.713321Z  INFO herdr::logging: tab focused event="tab.focus" subsystem="tab" outcome="ok" workspace_id="w8" tab_id="w8:t2"
2026-09-26T13:38:36.713361Z  INFO herdr::logging: tab focused event="tab.focus" subsystem="tab" outcome="ok" workspace_id="w8" tab_id="w8:t2"
2026-09-26T13:38:36.911482Z  INFO herdr::logging: tab focused event="tab.focus" subsystem="tab" outcome="ok" workspace_id="w8" tab_id="w8:t2"
2026-09-26T13:38:36.911496Z  INFO herdr::logging: tab focused event="tab.focus" subsystem="tab" outcome="ok" workspace_id="w8" tab_id="w8:t2"
2026-09-26T13:38:37.041235Z  INFO herdr::logging: tab focused event="tab.focus" subsystem="tab" outcome="ok" workspace_id="w8" tab_id="w8:t2"
2026-09-26T13:38:37.041246Z  INFO herdr::logging: tab focused event="tab.focus" subsystem="tab" outcome="ok" workspace_id="w8" tab_id="w8:t2"
2026-09-26T13:38:37.321321Z  INFO herdr::logging: tab focused event="tab.focus" subsystem="tab" outcome="ok" workspace_id="w8" tab_id="w8:t2"
2026-09-26T13:38:37.321336Z  INFO herdr::logging: tab focused event="tab.focus" subsystem="tab" outcome="ok" workspace_id="w8" tab_id="w8:t2"
2026-09-26T13:38:38.661262Z  INFO herdr::logging: tab focused event="tab.focus" subsystem="tab" outcome="ok" workspace_id="w8" tab_id="w8:t2"
2026-09-26T13:38:38.661304Z  INFO herdr::logging: tab focused event="tab.focus" subsystem="tab" outcome="ok" workspace_id="w8" tab_id="w8:t2"
2026-09-26T13:38:38.930845Z  INFO herdr::logging: tab focused event="tab.focus" subsystem="tab" outcome="ok" workspace_id="w8" tab_id="w8:t2"
2026-09-26T13:38:38.930858Z  INFO herdr::logging: tab focused event="tab.focus" subsystem="tab" outcome="ok" workspace_id="w8" tab_id="w8:t2"
2026-09-26T13:38:39.312581Z  INFO herdr::logging: tab focused event="tab.focus" subsystem="tab" outcome="ok" workspace_id="w8" tab_id="w8:t2"
2026-09-26T13:38:39.312623Z  INFO herdr::logging: tab focused event="tab.focus" subsystem="tab" outcome="ok" workspace_id="w8" tab_id="w8:t2"
2026-09-26T13:38:39.523254Z  INFO herdr::logging: tab focused event="tab.focus" subsystem="tab" outcome="ok" workspace_id="w8" tab_id="w8:t2"
2026-09-26T13:38:39.523266Z  INFO herdr::logging: tab focused event="tab.focus" subsystem="tab" outcome="ok" workspace_id="w8" tab_id="w8:t2"
2026-09-26T13:38:39.753179Z  INFO herdr::logging: tab focused event="tab.focus" subsystem="tab" outcome="ok" workspace_id="w8" tab_id="w8:t2"
2026-09-26T13:38:39.753217Z  INFO herdr::logging: tab focused event="tab.focus" subsystem="tab" outcome="ok" workspace_id="w8" tab_id="w8:t2"
2026-09-26T13:38:39.970314Z  INFO herdr::logging: tab focused event="tab.focus" subsystem="tab" outcome="ok" workspace_id="w8" tab_id="w8:t2"
2026-09-26T13:38:39.970353Z  INFO herdr::logging: tab focused event="tab.focus" subsystem="tab" outcome="ok" workspace_id="w8" tab_id="w8:t2"
2026-09-26T13:38:40.122438Z  INFO herdr::logging: tab focused event="tab.focus" subsystem="tab" outcome="ok" workspace_id="w8" tab_id="w8:t2"
2026-09-26T13:38:40.122452Z  INFO herdr::logging: tab focused event="tab.focus" subsystem="tab" outcome="ok" workspace_id="w8" tab_id="w8:t2"
2026-09-26T13:38:40.288212Z  INFO herdr::logging: tab focused event="tab.focus" subsystem="tab" outcome="ok" workspace_id="w8" tab_id="w8:t2"
2026-09-26T13:38:40.288224Z  INFO herdr::logging: tab focused event="tab.focus" subsystem="tab" outcome="ok" workspace_id="w8" tab_id="w8:t2"
2026-09-26T13:38:40.400180Z  INFO herdr::logging: tab focused event="tab.focus" subsystem="tab" outcome="ok" workspace_id="w8" tab_id="w8:t2"
2026-09-26T13:38:40.400217Z  INFO herdr::logging: tab focused event="tab.focus" subsystem="tab" outcome="ok" workspace_id="w8" tab_id="w8:t2"
2026-09-26T13:38:40.586058Z  INFO herdr::logging: tab focused event="tab.focus" subsystem="tab" outcome="ok" workspace_id="w8" tab_id="w8:t2"
2026-09-26T13:38:40.586068Z  INFO herdr::logging: tab focused event="tab.focus" subsystem="tab" outcome="ok" workspace_id="w8" tab_id="w8:t2"
2026-09-26T13:38:40.736291Z  INFO herdr::logging: tab focused event="tab.focus" subsystem="tab" outcome="ok" workspace_id="w8" tab_id="w8:t2"
2026-09-26T13:38:40.736305Z  INFO herdr::logging: tab focused event="tab.focus" subsystem="tab" outcome="ok" workspace_id="w8" tab_id="w8:t2"
2026-09-26T13:38:40.921302Z  INFO herdr::logging: tab focused event="tab.focus" subsystem="tab" outcome="ok" workspace_id="w8" tab_id="w8:t2"
2026-09-26T13:38:40.921317Z  INFO herdr::logging: tab focused event="tab.focus" subsystem="tab" outcome="ok" workspace_id="w8" tab_id="w8:t2"
2026-09-26T13:38:41.043970Z  INFO herdr::logging: tab focused event="tab.focus" subsystem="tab" outcome="ok" workspace_id="w8" tab_id="w8:t2"
2026-09-26T13:38:41.044008Z  INFO herdr::logging: tab focused event="tab.focus" subsystem="tab" outcome="ok" workspace_id="w8" tab_id="w8:t2"
2026-09-26T13:38:41.243197Z  INFO herdr::logging: tab focused event="tab.focus" subsystem="tab" outcome="ok" workspace_id="w8" tab_id="w8:t2"
2026-09-26T13:38:41.243208Z  INFO herdr::logging: tab focused event="tab.focus" subsystem="tab" outcome="ok" workspace_id="w8" tab_id="w8:t2"
2026-09-26T13:38:41.434126Z  INFO herdr::logging: tab focused event="tab.focus" subsystem="tab" outcome="ok" workspace_id="w8" tab_id="w8:t2"
2026-09-26T13:38:41.434137Z  INFO herdr::logging: tab focused event="tab.focus" subsystem="tab" outcome="ok" workspace_id="w8" tab_id="w8:t2"
2026-09-26T13:38:41.702171Z  INFO herdr::logging: tab focused event="tab.focus" subsystem="tab" outcome="ok" workspace_id="w8" tab_id="w8:t2"
2026-09-26T13:38:41.702182Z  INFO herdr::logging: tab focused event="tab.focus" subsystem="tab" outcome="ok" workspace_id="w8" tab_id="w8:t2"
2026-09-26T13:38:41.870316Z  INFO herdr::logging: tab focused event="tab.focus" subsystem="tab" outcome="ok" workspace_id="w8" tab_id="w8:t2"
2026-09-26T13:38:41.870355Z  INFO herdr::logging: tab focused event="tab.focus" subsystem="tab" outcome="ok" workspace_id="w8" tab_id="w8:t2"
2026-09-26T13:38:42.135463Z  INFO herdr::logging: tab focused event="tab.focus" subsystem="tab" outcome="ok" workspace_id="w8" tab_id="w8:t2"
2026-09-26T13:38:42.135481Z  INFO herdr::logging: tab focused event="tab.focus" subsystem="tab" outcome="ok" workspace_id="w8" tab_id="w8:t2"
2026-09-26T13:38:42.391286Z  INFO herdr::logging: tab focused event="tab.focus" subsystem="tab" outcome="ok" workspace_id="w8" tab_id="w8:t2"
2026-09-26T13:38:42.391299Z  INFO herdr::logging: tab focused event="tab.focus" subsystem="tab" outcome="ok" workspace_id="w8" tab_id="w8:t2"
2026-09-26T13:38:42.676225Z  INFO herdr::logging: tab focused event="tab.focus" subsystem="tab" outcome="ok" workspace_id="w8" tab_id="w8:t2"
2026-09-26T13:38:42.676238Z  INFO herdr::logging: tab focused event="tab.focus" subsystem="tab" outcome="ok" workspace_id="w8" tab_id="w8:t2"
2026-09-26T13:38:47.678126Z  INFO herdr::logging: session saved event="persist.save" subsystem="persist" outcome="ok" path=/home/tylerkilburn/.config/herdr/session.json workspaces=2
2026-09-26T13:40:07.432140Z  INFO herdr::logging: tab focused event="tab.focus" subsystem="tab" outcome="ok" workspace_id="w8" tab_id="w8:t2"
2026-09-26T13:40:11.346674Z  INFO herdr::logging: pane child exited event="pane.exit" subsystem="pane" outcome="completed" pane_id=2 status="ExitStatus { code: 0, signal: None }"
2026-09-26T13:40:11.346762Z  INFO herdr::pane: pane session terminated pane=2 pid=29091 signal=Hangup
2026-09-26T13:40:13.018173Z  INFO herdr::logging: tab focused event="tab.focus" subsystem="tab" outcome="ok" workspace_id="w8" tab_id="w8:t4"
2026-09-26T13:40:13.018231Z  INFO herdr::logging: tab focused event="tab.focus" subsystem="tab" outcome="ok" workspace_id="w8" tab_id="w8:t4"
2026-09-26T13:40:13.811114Z  INFO herdr::logging: tab focused event="tab.focus" subsystem="tab" outcome="ok" workspace_id="w8" tab_id="w8:t2"
2026-09-26T13:40:13.811169Z  INFO herdr::logging: tab focused event="tab.focus" subsystem="tab" outcome="ok" workspace_id="w8" tab_id="w8:t2"
2026-09-26T13:40:14.446076Z  INFO herdr::logging: tab focused event="tab.focus" subsystem="tab" outcome="ok" workspace_id="w8" tab_id="w8:t2"
2026-09-26T13:40:16.651274Z  INFO herdr::logging: workspace focused event="workspace.focus" subsystem="workspace" outcome="ok" workspace_id="w9"
2026-09-26T13:40:16.651291Z  INFO herdr::logging: tab focused event="tab.focus" subsystem="tab" outcome="ok" workspace_id="w9" tab_id="w9:t1"
2026-09-26T13:40:16.651306Z  INFO herdr::logging: workspace focused event="workspace.focus" subsystem="workspace" outcome="ok" workspace_id="w9"
2026-09-26T13:40:16.651307Z  INFO herdr::logging: tab focused event="tab.focus" subsystem="tab" outcome="ok" workspace_id="w9" tab_id="w9:t1"
2026-09-26T13:40:19.999473Z  INFO herdr::logging: workspace focused event="workspace.focus" subsystem="workspace" outcome="ok" workspace_id="w8"
2026-09-26T13:40:19.999518Z  INFO herdr::logging: tab focused event="tab.focus" subsystem="tab" outcome="ok" workspace_id="w8" tab_id="w8:t2"
2026-09-26T13:40:19.999536Z  INFO herdr::logging: workspace focused event="workspace.focus" subsystem="workspace" outcome="ok" workspace_id="w8"
2026-09-26T13:40:19.999538Z  INFO herdr::logging: tab focused event="tab.focus" subsystem="tab" outcome="ok" workspace_id="w8" tab_id="w8:t2"
2026-09-26T13:40:25.007178Z  INFO herdr::logging: session saved event="persist.save" subsystem="persist" outcome="ok" path=/home/tylerkilburn/.config/herdr/session.json workspaces=2
2026-09-26T13:41:42.844088Z  INFO herdr::logging: spawning pane terminal event="pane.spawn.start" subsystem="pane" outcome="started" pane_id=12 rows=50 cols=192 scrollback_limit_bytes=10000000
2026-09-26T13:41:42.845199Z  INFO herdr::logging: pane child spawned event="pane.spawned" subsystem="pane" outcome="ok" pane_id=12 pid=39109
2026-09-26T13:41:42.845257Z  INFO herdr::logging: tab focused event="tab.focus" subsystem="tab" outcome="ok" workspace_id="w8" tab_id="w8:t2"
2026-09-26T13:41:44.493678Z  INFO herdr::logging: pane child exited event="pane.exit" subsystem="pane" outcome="completed" pane_id=12 status="ExitStatus { code: 0, signal: None }"
2026-09-26T13:41:44.493822Z  INFO herdr::pane: pane session terminated pane=12 pid=39109 signal=Hangup
2026-09-26T13:41:49.497103Z  INFO herdr::logging: session saved event="persist.save" subsystem="persist" outcome="ok" path=/home/tylerkilburn/.config/herdr/session.json workspaces=2
2026-09-26T13:42:47.216886Z  INFO herdr::logging: tab focused event="tab.focus" subsystem="tab" outcome="ok" workspace_id="w8" tab_id="w8:t4"
2026-09-26T13:42:47.216924Z  INFO herdr::logging: tab focused event="tab.focus" subsystem="tab" outcome="ok" workspace_id="w8" tab_id="w8:t4"
2026-09-26T13:42:47.901321Z  INFO herdr::logging: tab focused event="tab.focus" subsystem="tab" outcome="ok" workspace_id="w8" tab_id="w8:t2"
2026-09-26T13:42:47.901382Z  INFO herdr::logging: tab focused event="tab.focus" subsystem="tab" outcome="ok" workspace_id="w8" tab_id="w8:t2"
2026-09-26T13:42:52.902596Z  INFO herdr::logging: session saved event="persist.save" subsystem="persist" outcome="ok" path=/home/tylerkilburn/.config/herdr/session.json workspaces=2
2026-09-26T13:44:13.977566Z  INFO herdr::logging: api request received event="api.request.start" subsystem="api" outcome="started" request_id="cli:server:reload-config" method="server.reload_config" changes_ui=true
2026-09-26T13:44:13.978120Z  INFO herdr::logging: api request completed event="api.request.complete" subsystem="api" outcome="ok" request_id="cli:server:reload-config" method="server.reload_config"
2026-09-26T13:44:25.197179Z  INFO herdr::logging: spawning pane terminal event="pane.spawn.start" subsystem="pane" outcome="started" pane_id=13 rows=50 cols=192 scrollback_limit_bytes=10000000
2026-09-26T13:44:25.198267Z  INFO herdr::logging: pane child spawned event="pane.spawned" subsystem="pane" outcome="ok" pane_id=13 pid=39741
2026-09-26T13:44:25.198357Z  INFO herdr::logging: tab focused event="tab.focus" subsystem="tab" outcome="ok" workspace_id="w8" tab_id="w8:t2"
2026-09-26T13:44:26.847293Z  INFO herdr::logging: pane child exited event="pane.exit" subsystem="pane" outcome="completed" pane_id=13 status="ExitStatus { code: 0, signal: None }"
2026-09-26T13:44:26.847488Z  INFO herdr::pane: pane session terminated pane=13 pid=39741 signal=Hangup
2026-09-26T13:44:27.365984Z  INFO herdr::logging: spawning pane terminal event="pane.spawn.start" subsystem="pane" outcome="started" pane_id=14 rows=50 cols=192 scrollback_limit_bytes=10000000
2026-09-26T13:44:27.366939Z  INFO herdr::logging: pane child spawned event="pane.spawned" subsystem="pane" outcome="ok" pane_id=14 pid=39791
2026-09-26T13:44:27.367011Z  INFO herdr::logging: tab focused event="tab.focus" subsystem="tab" outcome="ok" workspace_id="w8" tab_id="w8:t2"
2026-09-26T13:44:28.836373Z  INFO herdr::logging: pane child exited event="pane.exit" subsystem="pane" outcome="completed" pane_id=14 status="ExitStatus { code: 0, signal: None }"
2026-09-26T13:44:28.836524Z  INFO herdr::pane: pane session terminated pane=14 pid=39791 signal=Hangup
2026-09-26T13:44:29.274500Z  INFO herdr::logging: spawning pane terminal event="pane.spawn.start" subsystem="pane" outcome="started" pane_id=15 rows=50 cols=192 scrollback_limit_bytes=10000000
2026-09-26T13:44:29.275525Z  INFO herdr::logging: pane child spawned event="pane.spawned" subsystem="pane" outcome="ok" pane_id=15 pid=39840
2026-09-26T13:44:29.275597Z  INFO herdr::logging: tab focused event="tab.focus" subsystem="tab" outcome="ok" workspace_id="w8" tab_id="w8:t2"
2026-09-26T13:44:34.278545Z  INFO herdr::logging: session saved event="persist.save" subsystem="persist" outcome="ok" path=/home/tylerkilburn/.config/herdr/session.json workspaces=2
2026-09-26T13:45:24.638656Z  INFO herdr::logging: pane child exited event="pane.exit" subsystem="pane" outcome="completed" pane_id=15 status="ExitStatus { code: 0, signal: None }"
2026-09-26T13:45:24.638834Z  INFO herdr::pane: pane session terminated pane=15 pid=39840 signal=Hangup
2026-09-26T13:45:29.640682Z  INFO herdr::logging: session saved event="persist.save" subsystem="persist" outcome="ok" path=/home/tylerkilburn/.config/herdr/session.json workspaces=2
2026-09-26T13:45:55.814208Z  INFO herdr::logging: spawning pane terminal event="pane.spawn.start" subsystem="pane" outcome="started" pane_id=16 rows=50 cols=192 scrollback_limit_bytes=10000000
2026-09-26T13:45:55.815274Z  INFO herdr::logging: pane child spawned event="pane.spawned" subsystem="pane" outcome="ok" pane_id=16 pid=40204
2026-09-26T13:45:55.815366Z  INFO herdr::logging: tab focused event="tab.focus" subsystem="tab" outcome="ok" workspace_id="w8" tab_id="w8:t2"
2026-09-26T13:46:00.825434Z  INFO herdr::logging: session saved event="persist.save" subsystem="persist" outcome="ok" path=/home/tylerkilburn/.config/herdr/session.json workspaces=2
2026-09-26T13:46:00.826092Z  INFO herdr::logging: pane child exited event="pane.exit" subsystem="pane" outcome="completed" pane_id=16 status="ExitStatus { code: 0, signal: None }"
2026-09-26T13:46:00.826261Z  INFO herdr::pane: pane session terminated pane=16 pid=40204 signal=Hangup
2026-09-26T13:46:05.835778Z  INFO herdr::logging: session saved event="persist.save" subsystem="persist" outcome="ok" path=/home/tylerkilburn/.config/herdr/session.json workspaces=2
2026-09-26T13:46:43.503977Z  INFO herdr::logging: spawning pane terminal event="pane.spawn.start" subsystem="pane" outcome="started" pane_id=17 rows=50 cols=192 scrollback_limit_bytes=10000000
2026-09-26T13:46:43.505291Z  INFO herdr::logging: pane child spawned event="pane.spawned" subsystem="pane" outcome="ok" pane_id=17 pid=40386
2026-09-26T13:46:43.505416Z  INFO herdr::logging: tab focused event="tab.focus" subsystem="tab" outcome="ok" workspace_id="w8" tab_id="w8:t2"
2026-09-26T13:46:48.510248Z  INFO herdr::logging: session saved event="persist.save" subsystem="persist" outcome="ok" path=/home/tylerkilburn/.config/herdr/session.json workspaces=2
2026-09-26T13:46:57.589226Z  INFO herdr::logging: tab focused event="tab.focus" subsystem="tab" outcome="ok" workspace_id="w8" tab_id="w8:t2"
2026-09-26T13:47:07.667210Z  INFO herdr::logging: session saved event="persist.save" subsystem="persist" outcome="ok" path=/home/tylerkilburn/.config/herdr/session.json workspaces=2
2026-09-26T13:47:41.023357Z  INFO herdr::logging: tab focused event="tab.focus" subsystem="tab" outcome="ok" workspace_id="w8" tab_id="w8:t2"
2026-09-26T13:47:41.858218Z  INFO herdr::logging: tab focused event="tab.focus" subsystem="tab" outcome="ok" workspace_id="w8" tab_id="w8:t2"
2026-09-26T13:47:46.859589Z  INFO herdr::logging: session saved event="persist.save" subsystem="persist" outcome="ok" path=/home/tylerkilburn/.config/herdr/session.json workspaces=2
2026-09-26T13:49:24.943462Z  INFO herdr::logging: tab focused event="tab.focus" subsystem="tab" outcome="ok" workspace_id="w8" tab_id="w8:t2"
2026-09-26T13:49:29.945356Z  INFO herdr::logging: session saved event="persist.save" subsystem="persist" outcome="ok" path=/home/tylerkilburn/.config/herdr/session.json workspaces=2
2026-09-26T13:50:11.352040Z  INFO herdr::logging: tab focused event="tab.focus" subsystem="tab" outcome="ok" workspace_id="w8" tab_id="w8:t2"
2026-09-26T13:50:16.357318Z  INFO herdr::logging: session saved event="persist.save" subsystem="persist" outcome="ok" path=/home/tylerkilburn/.config/herdr/session.json workspaces=2
2026-09-26T13:52:19.268336Z  INFO herdr::logging: tab focused event="tab.focus" subsystem="tab" outcome="ok" workspace_id="w8" tab_id="w8:t2"
2026-09-26T13:52:20.692021Z  INFO herdr::logging: pane child exited event="pane.exit" subsystem="pane" outcome="completed" pane_id=17 status="ExitStatus { code: 0, signal: None }"
2026-09-26T13:52:20.692168Z  INFO herdr::pane: pane session terminated pane=17 pid=40386 signal=Hangup
2026-09-26T13:52:25.694723Z  INFO herdr::logging: session saved event="persist.save" subsystem="persist" outcome="ok" path=/home/tylerkilburn/.config/herdr/session.json workspaces=2
2026-09-26T13:53:53.667932Z  INFO herdr::logging: spawning pane terminal event="pane.spawn.start" subsystem="pane" outcome="started" pane_id=18 rows=50 cols=170 scrollback_limit_bytes=10000000
2026-09-26T13:53:53.668884Z  INFO herdr::logging: pane child spawned event="pane.spawned" subsystem="pane" outcome="ok" pane_id=18 pid=42332
2026-09-26T13:53:53.668964Z  INFO herdr::logging: tab focused event="tab.focus" subsystem="tab" outcome="ok" workspace_id="w8" tab_id="w8:t2"
2026-09-26T13:53:58.678800Z  INFO herdr::logging: session saved event="persist.save" subsystem="persist" outcome="ok" path=/home/tylerkilburn/.config/herdr/session.json workspaces=2
2026-09-26T13:54:04.736863Z  INFO herdr::logging: session saved event="persist.save" subsystem="persist" outcome="ok" path=/home/tylerkilburn/.config/herdr/session.json workspaces=2
2026-09-26T13:54:08.209703Z  INFO herdr::logging: tab focused event="tab.focus" subsystem="tab" outcome="ok" workspace_id="w8" tab_id="w8:t2"
2026-09-26T13:54:12.285021Z  INFO herdr::logging: tab focused event="tab.focus" subsystem="tab" outcome="ok" workspace_id="w8" tab_id="w8:t2"
2026-09-26T13:54:13.925756Z  INFO herdr::logging: pane child exited event="pane.exit" subsystem="pane" outcome="completed" pane_id=18 status="ExitStatus { code: 0, signal: None }"
2026-09-26T13:54:13.925850Z  INFO herdr::pane: pane session terminated pane=18 pid=42332 signal=Hangup
2026-09-26T13:54:18.927418Z  INFO herdr::logging: session saved event="persist.save" subsystem="persist" outcome="ok" path=/home/tylerkilburn/.config/herdr/session.json workspaces=2
2026-09-26T13:58:55.225052Z  INFO herdr::logging: checking for updates event="update.check.start" subsystem="update" outcome="started"
2026-09-26T14:01:57.185857Z  INFO herdr::logging: spawning pane terminal event="pane.spawn.start" subsystem="pane" outcome="started" pane_id=19 rows=50 cols=170 scrollback_limit_bytes=10000000
2026-09-26T14:01:57.186873Z  INFO herdr::logging: pane child spawned event="pane.spawned" subsystem="pane" outcome="ok" pane_id=19 pid=44267
2026-09-26T14:01:57.186938Z  INFO herdr::logging: tab focused event="tab.focus" subsystem="tab" outcome="ok" workspace_id="w8" tab_id="w8:t2"
2026-09-26T14:02:02.196356Z  INFO herdr::logging: session saved event="persist.save" subsystem="persist" outcome="ok" path=/home/tylerkilburn/.config/herdr/session.json workspaces=2
2026-09-26T14:02:03.657630Z  INFO herdr::logging: pane child exited event="pane.exit" subsystem="pane" outcome="completed" pane_id=19 status="ExitStatus { code: 0, signal: None }"
2026-09-26T14:02:03.657765Z  INFO herdr::pane: pane session terminated pane=19 pid=44267 signal=Hangup
2026-09-26T14:02:08.660057Z  INFO herdr::logging: session saved event="persist.save" subsystem="persist" outcome="ok" path=/home/tylerkilburn/.config/herdr/session.json workspaces=2
2026-09-26T14:03:07.023723Z  INFO herdr::logging: spawning pane terminal event="pane.spawn.start" subsystem="pane" outcome="started" pane_id=20 rows=50 cols=170 scrollback_limit_bytes=10000000
2026-09-26T14:03:07.024806Z  INFO herdr::logging: pane child spawned event="pane.spawned" subsystem="pane" outcome="ok" pane_id=20 pid=44503
2026-09-26T14:03:07.024883Z  INFO herdr::logging: tab focused event="tab.focus" subsystem="tab" outcome="ok" workspace_id="w8" tab_id="w8:t2"
2026-09-26T14:03:12.028204Z  INFO herdr::logging: session saved event="persist.save" subsystem="persist" outcome="ok" path=/home/tylerkilburn/.config/herdr/session.json workspaces=2
2026-09-26T14:03:30.007315Z  INFO herdr::logging: pane child exited event="pane.exit" subsystem="pane" outcome="completed" pane_id=20 status="ExitStatus { code: 0, signal: None }"
2026-09-26T14:03:30.007453Z  INFO herdr::pane: pane session terminated pane=20 pid=44503 signal=Hangup
2026-09-26T14:03:35.016780Z  INFO herdr::logging: session saved event="persist.save" subsystem="persist" outcome="ok" path=/home/tylerkilburn/.config/herdr/session.json workspaces=2
2026-09-26T14:04:01.464688Z  INFO herdr::logging: spawning pane terminal event="pane.spawn.start" subsystem="pane" outcome="started" pane_id=21 rows=50 cols=170 scrollback_limit_bytes=10000000
2026-09-26T14:04:01.465846Z  INFO herdr::logging: pane child spawned event="pane.spawned" subsystem="pane" outcome="ok" pane_id=21 pid=44787
2026-09-26T14:04:01.465944Z  INFO herdr::logging: tab focused event="tab.focus" subsystem="tab" outcome="ok" workspace_id="w8" tab_id="w8:t2"
2026-09-26T14:04:06.469128Z  INFO herdr::logging: session saved event="persist.save" subsystem="persist" outcome="ok" path=/home/tylerkilburn/.config/herdr/session.json workspaces=2
2026-09-26T14:04:10.185672Z  INFO herdr::logging: tab focused event="tab.focus" subsystem="tab" outcome="ok" workspace_id="w8" tab_id="w8:t4"
2026-09-26T14:04:10.185704Z  INFO herdr::logging: tab focused event="tab.focus" subsystem="tab" outcome="ok" workspace_id="w8" tab_id="w8:t4"
2026-09-26T14:04:15.188274Z  INFO herdr::logging: session saved event="persist.save" subsystem="persist" outcome="ok" path=/home/tylerkilburn/.config/herdr/session.json workspaces=2
2026-09-26T14:04:28.493415Z  INFO herdr::logging: tab focused event="tab.focus" subsystem="tab" outcome="ok" workspace_id="w8" tab_id="w8:t2"
2026-09-26T14:04:28.493455Z  INFO herdr::logging: tab focused event="tab.focus" subsystem="tab" outcome="ok" workspace_id="w8" tab_id="w8:t2"
2026-09-26T14:04:30.023023Z  INFO herdr::logging: tab focused event="tab.focus" subsystem="tab" outcome="ok" workspace_id="w8" tab_id="w8:t2"
2026-09-26T14:04:30.023043Z  INFO herdr::logging: tab focused event="tab.focus" subsystem="tab" outcome="ok" workspace_id="w8" tab_id="w8:t2"
2026-09-26T14:04:30.281571Z  INFO herdr::logging: tab focused event="tab.focus" subsystem="tab" outcome="ok" workspace_id="w8" tab_id="w8:t2"
2026-09-26T14:04:30.281589Z  INFO herdr::logging: tab focused event="tab.focus" subsystem="tab" outcome="ok" workspace_id="w8" tab_id="w8:t2"
2026-09-26T14:04:30.603865Z  INFO herdr::logging: tab focused event="tab.focus" subsystem="tab" outcome="ok" workspace_id="w8" tab_id="w8:t2"
2026-09-26T14:04:30.603887Z  INFO herdr::logging: tab focused event="tab.focus" subsystem="tab" outcome="ok" workspace_id="w8" tab_id="w8:t2"
2026-09-26T14:04:30.870775Z  INFO herdr::logging: tab focused event="tab.focus" subsystem="tab" outcome="ok" workspace_id="w8" tab_id="w8:t2"
2026-09-26T14:04:30.870793Z  INFO herdr::logging: tab focused event="tab.focus" subsystem="tab" outcome="ok" workspace_id="w8" tab_id="w8:t2"
2026-09-26T14:04:31.098873Z  INFO herdr::logging: tab focused event="tab.focus" subsystem="tab" outcome="ok" workspace_id="w8" tab_id="w8:t2"
2026-09-26T14:04:31.098892Z  INFO herdr::logging: tab focused event="tab.focus" subsystem="tab" outcome="ok" workspace_id="w8" tab_id="w8:t2"
2026-09-26T14:04:31.349024Z  INFO herdr::logging: tab focused event="tab.focus" subsystem="tab" outcome="ok" workspace_id="w8" tab_id="w8:t2"
2026-09-26T14:04:31.349045Z  INFO herdr::logging: tab focused event="tab.focus" subsystem="tab" outcome="ok" workspace_id="w8" tab_id="w8:t2"
2026-09-26T14:04:31.613533Z  INFO herdr::logging: tab focused event="tab.focus" subsystem="tab" outcome="ok" workspace_id="w8" tab_id="w8:t2"
2026-09-26T14:04:31.613550Z  INFO herdr::logging: tab focused event="tab.focus" subsystem="tab" outcome="ok" workspace_id="w8" tab_id="w8:t2"
2026-09-26T14:04:36.621314Z  INFO herdr::logging: session saved event="persist.save" subsystem="persist" outcome="ok" path=/home/tylerkilburn/.config/herdr/session.json workspaces=2
2026-09-26T14:04:40.459398Z  INFO herdr::logging: tab focused event="tab.focus" subsystem="tab" outcome="ok" workspace_id="w8" tab_id="w8:t4"
2026-09-26T14:04:40.459459Z  INFO herdr::logging: tab focused event="tab.focus" subsystem="tab" outcome="ok" workspace_id="w8" tab_id="w8:t4"
2026-09-26T14:04:45.460545Z  INFO herdr::logging: session saved event="persist.save" subsystem="persist" outcome="ok" path=/home/tylerkilburn/.config/herdr/session.json workspaces=2
2026-09-26T14:22:36.906806Z  INFO herdr::logging: tab focused event="tab.focus" subsystem="tab" outcome="ok" workspace_id="w8" tab_id="w8:t2"
2026-09-26T14:22:36.906842Z  INFO herdr::logging: tab focused event="tab.focus" subsystem="tab" outcome="ok" workspace_id="w8" tab_id="w8:t2"
2026-09-26T14:22:41.909160Z  INFO herdr::logging: session saved event="persist.save" subsystem="persist" outcome="ok" path=/home/tylerkilburn/.config/herdr/session.json workspaces=2
2026-09-26T14:22:42.148400Z  INFO herdr::logging: tab focused event="tab.focus" subsystem="tab" outcome="ok" workspace_id="w8" tab_id="w8:t2"
2026-09-26T14:22:42.148426Z  INFO herdr::logging: tab focused event="tab.focus" subsystem="tab" outcome="ok" workspace_id="w8" tab_id="w8:t2"
2026-09-26T14:22:43.235586Z  INFO herdr::logging: tab focused event="tab.focus" subsystem="tab" outcome="ok" workspace_id="w8" tab_id="w8:t2"
2026-09-26T14:22:43.235601Z  INFO herdr::logging: tab focused event="tab.focus" subsystem="tab" outcome="ok" workspace_id="w8" tab_id="w8:t2"
2026-09-26T14:22:43.539649Z  INFO herdr::logging: tab focused event="tab.focus" subsystem="tab" outcome="ok" workspace_id="w8" tab_id="w8:t2"
2026-09-26T14:22:43.539660Z  INFO herdr::logging: tab focused event="tab.focus" subsystem="tab" outcome="ok" workspace_id="w8" tab_id="w8:t2"
2026-09-26T14:22:43.805569Z  INFO herdr::logging: tab focused event="tab.focus" subsystem="tab" outcome="ok" workspace_id="w8" tab_id="w8:t2"
2026-09-26T14:22:43.805580Z  INFO herdr::logging: tab focused event="tab.focus" subsystem="tab" outcome="ok" workspace_id="w8" tab_id="w8:t2"
2026-09-26T14:22:44.045481Z  INFO herdr::logging: tab focused event="tab.focus" subsystem="tab" outcome="ok" workspace_id="w8" tab_id="w8:t2"
2026-09-26T14:22:44.045497Z  INFO herdr::logging: tab focused event="tab.focus" subsystem="tab" outcome="ok" workspace_id="w8" tab_id="w8:t2"
2026-09-26T14:22:44.288567Z  INFO herdr::logging: tab focused event="tab.focus" subsystem="tab" outcome="ok" workspace_id="w8" tab_id="w8:t2"
2026-09-26T14:22:44.288580Z  INFO herdr::logging: tab focused event="tab.focus" subsystem="tab" outcome="ok" workspace_id="w8" tab_id="w8:t2"
2026-09-26T14:22:44.526523Z  INFO herdr::logging: tab focused event="tab.focus" subsystem="tab" outcome="ok" workspace_id="w8" tab_id="w8:t2"
2026-09-26T14:22:44.526533Z  INFO herdr::logging: tab focused event="tab.focus" subsystem="tab" outcome="ok" workspace_id="w8" tab_id="w8:t2"
2026-09-26T14:22:44.783621Z  INFO herdr::logging: tab focused event="tab.focus" subsystem="tab" outcome="ok" workspace_id="w8" tab_id="w8:t2"
2026-09-26T14:22:44.783631Z  INFO herdr::logging: tab focused event="tab.focus" subsystem="tab" outcome="ok" workspace_id="w8" tab_id="w8:t2"
2026-09-26T14:22:45.112539Z  INFO herdr::logging: tab focused event="tab.focus" subsystem="tab" outcome="ok" workspace_id="w8" tab_id="w8:t2"
2026-09-26T14:22:45.112553Z  INFO herdr::logging: tab focused event="tab.focus" subsystem="tab" outcome="ok" workspace_id="w8" tab_id="w8:t2"
2026-09-26T14:22:47.147949Z  INFO herdr::logging: pane child exited event="pane.exit" subsystem="pane" outcome="completed" pane_id=21 status="ExitStatus { code: 0, signal: None }"
2026-09-26T14:22:47.148042Z  INFO herdr::pane: pane session terminated pane=21 pid=44787 signal=Hangup
2026-09-26T14:22:52.156237Z  INFO herdr::logging: session saved event="persist.save" subsystem="persist" outcome="ok" path=/home/tylerkilburn/.config/herdr/session.json workspaces=2
2026-09-26T14:22:52.947623Z  INFO herdr::logging: spawning pane terminal event="pane.spawn.start" subsystem="pane" outcome="started" pane_id=22 rows=50 cols=170 scrollback_limit_bytes=10000000
2026-09-26T14:22:52.948722Z  INFO herdr::logging: pane child spawned event="pane.spawned" subsystem="pane" outcome="ok" pane_id=22 pid=47839
2026-09-26T14:22:52.948801Z  INFO herdr::logging: tab focused event="tab.focus" subsystem="tab" outcome="ok" workspace_id="w8" tab_id="w8:t2"
2026-09-26T14:22:54.051660Z  INFO herdr::logging: tab focused event="tab.focus" subsystem="tab" outcome="ok" workspace_id="w8" tab_id="w8:t2"
2026-09-26T14:22:54.051673Z  INFO herdr::logging: tab focused event="tab.focus" subsystem="tab" outcome="ok" workspace_id="w8" tab_id="w8:t2"
2026-09-26T14:22:54.439905Z  INFO herdr::logging: tab focused event="tab.focus" subsystem="tab" outcome="ok" workspace_id="w8" tab_id="w8:t2"
2026-09-26T14:22:54.439918Z  INFO herdr::logging: tab focused event="tab.focus" subsystem="tab" outcome="ok" workspace_id="w8" tab_id="w8:t2"
2026-09-26T14:22:54.689697Z  INFO herdr::logging: tab focused event="tab.focus" subsystem="tab" outcome="ok" workspace_id="w8" tab_id="w8:t2"
2026-09-26T14:22:54.689712Z  INFO herdr::logging: tab focused event="tab.focus" subsystem="tab" outcome="ok" workspace_id="w8" tab_id="w8:t2"
2026-09-26T14:22:56.551074Z  INFO herdr::logging: tab focused event="tab.focus" subsystem="tab" outcome="ok" workspace_id="w8" tab_id="w8:t4"
2026-09-26T14:22:56.551129Z  INFO herdr::logging: tab focused event="tab.focus" subsystem="tab" outcome="ok" workspace_id="w8" tab_id="w8:t4"
2026-09-26T14:22:59.368416Z  INFO herdr::logging: spawning pane terminal event="pane.spawn.start" subsystem="pane" outcome="started" pane_id=23 rows=50 cols=170 scrollback_limit_bytes=10000000
2026-09-26T14:22:59.369612Z  INFO herdr::logging: pane child spawned event="pane.spawned" subsystem="pane" outcome="ok" pane_id=23 pid=47908
2026-09-26T14:22:59.369692Z  INFO herdr::logging: tab focused event="tab.focus" subsystem="tab" outcome="ok" workspace_id="w8" tab_id="w8:t4"
2026-09-26T14:23:00.071618Z  INFO herdr::logging: tab focused event="tab.focus" subsystem="tab" outcome="ok" workspace_id="w8" tab_id="w8:t4"
2026-09-26T14:23:00.071635Z  INFO herdr::logging: tab focused event="tab.focus" subsystem="tab" outcome="ok" workspace_id="w8" tab_id="w8:t4"
2026-09-26T14:23:00.392944Z  INFO herdr::logging: tab focused event="tab.focus" subsystem="tab" outcome="ok" workspace_id="w8" tab_id="w8:t4"
2026-09-26T14:23:00.392957Z  INFO herdr::logging: tab focused event="tab.focus" subsystem="tab" outcome="ok" workspace_id="w8" tab_id="w8:t4"
2026-09-26T14:23:00.646856Z  INFO herdr::logging: tab focused event="tab.focus" subsystem="tab" outcome="ok" workspace_id="w8" tab_id="w8:t4"
2026-09-26T14:23:00.646867Z  INFO herdr::logging: tab focused event="tab.focus" subsystem="tab" outcome="ok" workspace_id="w8" tab_id="w8:t4"
2026-09-26T14:23:00.892718Z  INFO herdr::logging: tab focused event="tab.focus" subsystem="tab" outcome="ok" workspace_id="w8" tab_id="w8:t4"
2026-09-26T14:23:00.892731Z  INFO herdr::logging: tab focused event="tab.focus" subsystem="tab" outcome="ok" workspace_id="w8" tab_id="w8:t4"
2026-09-26T14:23:01.159783Z  INFO herdr::logging: tab focused event="tab.focus" subsystem="tab" outcome="ok" workspace_id="w8" tab_id="w8:t4"
2026-09-26T14:23:01.159798Z  INFO herdr::logging: tab focused event="tab.focus" subsystem="tab" outcome="ok" workspace_id="w8" tab_id="w8:t4"
2026-09-26T14:23:01.405930Z  INFO herdr::logging: tab focused event="tab.focus" subsystem="tab" outcome="ok" workspace_id="w8" tab_id="w8:t4"
2026-09-26T14:23:01.405944Z  INFO herdr::logging: tab focused event="tab.focus" subsystem="tab" outcome="ok" workspace_id="w8" tab_id="w8:t4"
2026-09-26T14:23:01.647680Z  INFO herdr::logging: tab focused event="tab.focus" subsystem="tab" outcome="ok" workspace_id="w8" tab_id="w8:t4"
2026-09-26T14:23:01.647691Z  INFO herdr::logging: tab focused event="tab.focus" subsystem="tab" outcome="ok" workspace_id="w8" tab_id="w8:t4"
2026-09-26T14:23:01.886889Z  INFO herdr::logging: tab focused event="tab.focus" subsystem="tab" outcome="ok" workspace_id="w8" tab_id="w8:t4"
2026-09-26T14:23:01.886900Z  INFO herdr::logging: tab focused event="tab.focus" subsystem="tab" outcome="ok" workspace_id="w8" tab_id="w8:t4"
2026-09-26T14:23:02.120896Z  INFO herdr::logging: tab focused event="tab.focus" subsystem="tab" outcome="ok" workspace_id="w8" tab_id="w8:t4"
2026-09-26T14:23:02.120908Z  INFO herdr::logging: tab focused event="tab.focus" subsystem="tab" outcome="ok" workspace_id="w8" tab_id="w8:t4"
2026-09-26T14:23:02.439892Z  INFO herdr::logging: tab focused event="tab.focus" subsystem="tab" outcome="ok" workspace_id="w8" tab_id="w8:t4"
2026-09-26T14:23:02.439907Z  INFO herdr::logging: tab focused event="tab.focus" subsystem="tab" outcome="ok" workspace_id="w8" tab_id="w8:t4"
2026-09-26T14:23:02.727967Z  INFO herdr::logging: tab focused event="tab.focus" subsystem="tab" outcome="ok" workspace_id="w8" tab_id="w8:t4"
2026-09-26T14:23:02.727979Z  INFO herdr::logging: tab focused event="tab.focus" subsystem="tab" outcome="ok" workspace_id="w8" tab_id="w8:t4"
2026-09-26T14:23:02.979023Z  INFO herdr::logging: tab focused event="tab.focus" subsystem="tab" outcome="ok" workspace_id="w8" tab_id="w8:t4"
2026-09-26T14:23:02.979036Z  INFO herdr::logging: tab focused event="tab.focus" subsystem="tab" outcome="ok" workspace_id="w8" tab_id="w8:t4"
2026-09-26T14:23:03.247815Z  INFO herdr::logging: tab focused event="tab.focus" subsystem="tab" outcome="ok" workspace_id="w8" tab_id="w8:t4"
2026-09-26T14:23:03.247829Z  INFO herdr::logging: tab focused event="tab.focus" subsystem="tab" outcome="ok" workspace_id="w8" tab_id="w8:t4"
2026-09-26T14:23:03.487866Z  INFO herdr::logging: tab focused event="tab.focus" subsystem="tab" outcome="ok" workspace_id="w8" tab_id="w8:t4"
2026-09-26T14:23:03.487885Z  INFO herdr::logging: tab focused event="tab.focus" subsystem="tab" outcome="ok" workspace_id="w8" tab_id="w8:t4"
2026-09-26T14:23:03.729616Z  INFO herdr::logging: tab focused event="tab.focus" subsystem="tab" outcome="ok" workspace_id="w8" tab_id="w8:t4"
2026-09-26T14:23:03.729631Z  INFO herdr::logging: tab focused event="tab.focus" subsystem="tab" outcome="ok" workspace_id="w8" tab_id="w8:t4"
2026-09-26T14:23:03.978987Z  INFO herdr::logging: tab focused event="tab.focus" subsystem="tab" outcome="ok" workspace_id="w8" tab_id="w8:t4"
2026-09-26T14:23:03.979000Z  INFO herdr::logging: tab focused event="tab.focus" subsystem="tab" outcome="ok" workspace_id="w8" tab_id="w8:t4"
2026-09-26T14:23:04.257733Z  INFO herdr::logging: tab focused event="tab.focus" subsystem="tab" outcome="ok" workspace_id="w8" tab_id="w8:t4"
2026-09-26T14:23:04.257772Z  INFO herdr::logging: tab focused event="tab.focus" subsystem="tab" outcome="ok" workspace_id="w8" tab_id="w8:t4"
2026-09-26T14:23:04.691877Z  INFO herdr::logging: tab focused event="tab.focus" subsystem="tab" outcome="ok" workspace_id="w8" tab_id="w8:t4"
2026-09-26T14:23:04.691893Z  INFO herdr::logging: tab focused event="tab.focus" subsystem="tab" outcome="ok" workspace_id="w8" tab_id="w8:t4"
2026-09-26T14:23:05.013991Z  INFO herdr::logging: tab focused event="tab.focus" subsystem="tab" outcome="ok" workspace_id="w8" tab_id="w8:t4"
2026-09-26T14:23:05.014006Z  INFO herdr::logging: tab focused event="tab.focus" subsystem="tab" outcome="ok" workspace_id="w8" tab_id="w8:t4"
2026-09-26T14:23:05.329878Z  INFO herdr::logging: tab focused event="tab.focus" subsystem="tab" outcome="ok" workspace_id="w8" tab_id="w8:t4"
2026-09-26T14:23:05.329893Z  INFO herdr::logging: tab focused event="tab.focus" subsystem="tab" outcome="ok" workspace_id="w8" tab_id="w8:t4"
2026-09-26T14:23:05.642874Z  INFO herdr::logging: tab focused event="tab.focus" subsystem="tab" outcome="ok" workspace_id="w8" tab_id="w8:t4"
2026-09-26T14:23:05.642885Z  INFO herdr::logging: tab focused event="tab.focus" subsystem="tab" outcome="ok" workspace_id="w8" tab_id="w8:t4"
2026-09-26T14:23:05.938918Z  INFO herdr::logging: tab focused event="tab.focus" subsystem="tab" outcome="ok" workspace_id="w8" tab_id="w8:t4"
2026-09-26T14:23:05.938929Z  INFO herdr::logging: tab focused event="tab.focus" subsystem="tab" outcome="ok" workspace_id="w8" tab_id="w8:t4"
2026-09-26T14:23:10.589066Z  INFO herdr::logging: pane child exited event="pane.exit" subsystem="pane" outcome="completed" pane_id=23 status="ExitStatus { code: 127, signal: None }"
2026-09-26T14:23:10.589163Z  INFO herdr::pane: pane session terminated pane=23 pid=47908 signal=Hangup
2026-09-26T14:23:15.590806Z  INFO herdr::logging: session saved event="persist.save" subsystem="persist" outcome="ok" path=/home/tylerkilburn/.config/herdr/session.json workspaces=2
2026-09-26T14:23:28.798852Z  INFO herdr::logging: tab focused event="tab.focus" subsystem="tab" outcome="ok" workspace_id="w8" tab_id="w8:t2"
2026-09-26T14:23:28.798894Z  INFO herdr::logging: tab focused event="tab.focus" subsystem="tab" outcome="ok" workspace_id="w8" tab_id="w8:t2"
2026-09-26T14:23:30.410831Z  INFO herdr::logging: tab focused event="tab.focus" subsystem="tab" outcome="ok" workspace_id="w8" tab_id="w8:t4"
2026-09-26T14:23:30.410859Z  INFO herdr::logging: tab focused event="tab.focus" subsystem="tab" outcome="ok" workspace_id="w8" tab_id="w8:t4"
2026-09-26T14:23:32.439088Z  INFO herdr::logging: spawning pane terminal event="pane.spawn.start" subsystem="pane" outcome="started" pane_id=24 rows=50 cols=170 scrollback_limit_bytes=10000000
2026-09-26T14:23:32.440163Z  INFO herdr::logging: pane child spawned event="pane.spawned" subsystem="pane" outcome="ok" pane_id=24 pid=48110
2026-09-26T14:23:32.440235Z  INFO herdr::logging: tab focused event="tab.focus" subsystem="tab" outcome="ok" workspace_id="w8" tab_id="w8:t4"
2026-09-26T14:23:33.603466Z  INFO herdr::logging: tab focused event="tab.focus" subsystem="tab" outcome="ok" workspace_id="w8" tab_id="w8:t4"
2026-09-26T14:23:33.603480Z  INFO herdr::logging: tab focused event="tab.focus" subsystem="tab" outcome="ok" workspace_id="w8" tab_id="w8:t4"
2026-09-26T14:23:35.789530Z  INFO herdr::logging: tab focused event="tab.focus" subsystem="tab" outcome="ok" workspace_id="w8" tab_id="w8:t4"
2026-09-26T14:23:35.789548Z  INFO herdr::logging: tab focused event="tab.focus" subsystem="tab" outcome="ok" workspace_id="w8" tab_id="w8:t4"
2026-09-26T14:23:36.103408Z  INFO herdr::logging: tab focused event="tab.focus" subsystem="tab" outcome="ok" workspace_id="w8" tab_id="w8:t4"
2026-09-26T14:23:36.103422Z  INFO herdr::logging: tab focused event="tab.focus" subsystem="tab" outcome="ok" workspace_id="w8" tab_id="w8:t4"
2026-09-26T14:23:36.462520Z  INFO herdr::logging: tab focused event="tab.focus" subsystem="tab" outcome="ok" workspace_id="w8" tab_id="w8:t4"
2026-09-26T14:23:36.462531Z  INFO herdr::logging: tab focused event="tab.focus" subsystem="tab" outcome="ok" workspace_id="w8" tab_id="w8:t4"
2026-09-26T14:23:36.727426Z  INFO herdr::logging: tab focused event="tab.focus" subsystem="tab" outcome="ok" workspace_id="w8" tab_id="w8:t4"
2026-09-26T14:23:36.727438Z  INFO herdr::logging: tab focused event="tab.focus" subsystem="tab" outcome="ok" workspace_id="w8" tab_id="w8:t4"
2026-09-26T14:23:37.015586Z  INFO herdr::logging: tab focused event="tab.focus" subsystem="tab" outcome="ok" workspace_id="w8" tab_id="w8:t4"
2026-09-26T14:23:37.015600Z  INFO herdr::logging: tab focused event="tab.focus" subsystem="tab" outcome="ok" workspace_id="w8" tab_id="w8:t4"
2026-09-26T14:23:37.295115Z  INFO herdr::logging: tab focused event="tab.focus" subsystem="tab" outcome="ok" workspace_id="w8" tab_id="w8:t4"
2026-09-26T14:23:37.295129Z  INFO herdr::logging: tab focused event="tab.focus" subsystem="tab" outcome="ok" workspace_id="w8" tab_id="w8:t4"
2026-09-26T14:23:38.965625Z  INFO herdr::logging: tab focused event="tab.focus" subsystem="tab" outcome="ok" workspace_id="w8" tab_id="w8:t4"
2026-09-26T14:23:38.965641Z  INFO herdr::logging: tab focused event="tab.focus" subsystem="tab" outcome="ok" workspace_id="w8" tab_id="w8:t4"
2026-09-26T14:23:39.428641Z  INFO herdr::logging: tab focused event="tab.focus" subsystem="tab" outcome="ok" workspace_id="w8" tab_id="w8:t4"
2026-09-26T14:23:39.428656Z  INFO herdr::logging: tab focused event="tab.focus" subsystem="tab" outcome="ok" workspace_id="w8" tab_id="w8:t4"
2026-09-26T14:23:39.940264Z  INFO herdr::logging: tab focused event="tab.focus" subsystem="tab" outcome="ok" workspace_id="w8" tab_id="w8:t4"
2026-09-26T14:23:39.940280Z  INFO herdr::logging: tab focused event="tab.focus" subsystem="tab" outcome="ok" workspace_id="w8" tab_id="w8:t4"
2026-09-26T14:23:40.491629Z  INFO herdr::logging: tab focused event="tab.focus" subsystem="tab" outcome="ok" workspace_id="w8" tab_id="w8:t4"
2026-09-26T14:23:40.491643Z  INFO herdr::logging: tab focused event="tab.focus" subsystem="tab" outcome="ok" workspace_id="w8" tab_id="w8:t4"
2026-09-26T14:23:40.920590Z  INFO herdr::logging: tab focused event="tab.focus" subsystem="tab" outcome="ok" workspace_id="w8" tab_id="w8:t4"
2026-09-26T14:23:40.920604Z  INFO herdr::logging: tab focused event="tab.focus" subsystem="tab" outcome="ok" workspace_id="w8" tab_id="w8:t4"
2026-09-26T14:23:41.270600Z  INFO herdr::logging: tab focused event="tab.focus" subsystem="tab" outcome="ok" workspace_id="w8" tab_id="w8:t4"
2026-09-26T14:23:41.270616Z  INFO herdr::logging: tab focused event="tab.focus" subsystem="tab" outcome="ok" workspace_id="w8" tab_id="w8:t4"
2026-09-26T14:23:41.680566Z  INFO herdr::logging: tab focused event="tab.focus" subsystem="tab" outcome="ok" workspace_id="w8" tab_id="w8:t4"
2026-09-26T14:23:41.680577Z  INFO herdr::logging: tab focused event="tab.focus" subsystem="tab" outcome="ok" workspace_id="w8" tab_id="w8:t4"
2026-09-26T14:23:41.975793Z  INFO herdr::logging: tab focused event="tab.focus" subsystem="tab" outcome="ok" workspace_id="w8" tab_id="w8:t4"
2026-09-26T14:23:41.975809Z  INFO herdr::logging: tab focused event="tab.focus" subsystem="tab" outcome="ok" workspace_id="w8" tab_id="w8:t4"
2026-09-26T14:23:42.375694Z  INFO herdr::logging: tab focused event="tab.focus" subsystem="tab" outcome="ok" workspace_id="w8" tab_id="w8:t4"
2026-09-26T14:23:42.375706Z  INFO herdr::logging: tab focused event="tab.focus" subsystem="tab" outcome="ok" workspace_id="w8" tab_id="w8:t4"
2026-09-26T14:23:42.715730Z  INFO herdr::logging: tab focused event="tab.focus" subsystem="tab" outcome="ok" workspace_id="w8" tab_id="w8:t4"
2026-09-26T14:23:42.715741Z  INFO herdr::logging: tab focused event="tab.focus" subsystem="tab" outcome="ok" workspace_id="w8" tab_id="w8:t4"
2026-09-26T14:23:44.157732Z  INFO herdr::logging: tab focused event="tab.focus" subsystem="tab" outcome="ok" workspace_id="w8" tab_id="w8:t4"
2026-09-26T14:23:44.157745Z  INFO herdr::logging: tab focused event="tab.focus" subsystem="tab" outcome="ok" workspace_id="w8" tab_id="w8:t4"
2026-09-26T14:23:46.651682Z  INFO herdr::logging: pane child exited event="pane.exit" subsystem="pane" outcome="completed" pane_id=24 status="ExitStatus { code: 127, signal: None }"
2026-09-26T14:23:46.651827Z  INFO herdr::pane: pane session terminated pane=24 pid=48110 signal=Hangup
2026-09-26T14:23:51.654181Z  INFO herdr::logging: session saved event="persist.save" subsystem="persist" outcome="ok" path=/home/tylerkilburn/.config/herdr/session.json workspaces=2
2026-09-26T14:24:16.397575Z  INFO herdr::logging: spawning pane terminal event="pane.spawn.start" subsystem="pane" outcome="started" pane_id=25 rows=50 cols=170 scrollback_limit_bytes=10000000
2026-09-26T14:24:16.398651Z  INFO herdr::logging: pane child spawned event="pane.spawned" subsystem="pane" outcome="ok" pane_id=25 pid=48440
2026-09-26T14:24:16.398748Z  INFO herdr::logging: tab focused event="tab.focus" subsystem="tab" outcome="ok" workspace_id="w8" tab_id="w8:t4"
2026-09-26T14:24:20.327184Z  INFO herdr::logging: pane child exited event="pane.exit" subsystem="pane" outcome="completed" pane_id=25 status="ExitStatus { code: 0, signal: None }"
2026-09-26T14:24:20.327393Z  INFO herdr::pane: pane session terminated pane=25 pid=48440 signal=Hangup
2026-09-26T14:24:25.329455Z  INFO herdr::logging: session saved event="persist.save" subsystem="persist" outcome="ok" path=/home/tylerkilburn/.config/herdr/session.json workspaces=2
2026-09-26T14:25:06.322066Z  INFO herdr::logging: spawning pane terminal event="pane.spawn.start" subsystem="pane" outcome="started" pane_id=26 rows=50 cols=170 scrollback_limit_bytes=10000000
2026-09-26T14:25:06.323191Z  INFO herdr::logging: pane child spawned event="pane.spawned" subsystem="pane" outcome="ok" pane_id=26 pid=48622
2026-09-26T14:25:06.323281Z  INFO herdr::logging: tab focused event="tab.focus" subsystem="tab" outcome="ok" workspace_id="w8" tab_id="w8:t4"
2026-09-26T14:25:07.099324Z  INFO herdr::logging: tab focused event="tab.focus" subsystem="tab" outcome="ok" workspace_id="w8" tab_id="w8:t4"
2026-09-26T14:25:07.099343Z  INFO herdr::logging: tab focused event="tab.focus" subsystem="tab" outcome="ok" workspace_id="w8" tab_id="w8:t4"
2026-09-26T14:25:07.359209Z  INFO herdr::logging: tab focused event="tab.focus" subsystem="tab" outcome="ok" workspace_id="w8" tab_id="w8:t4"
2026-09-26T14:25:07.359228Z  INFO herdr::logging: tab focused event="tab.focus" subsystem="tab" outcome="ok" workspace_id="w8" tab_id="w8:t4"
2026-09-26T14:25:07.615357Z  INFO herdr::logging: tab focused event="tab.focus" subsystem="tab" outcome="ok" workspace_id="w8" tab_id="w8:t4"
2026-09-26T14:25:07.615379Z  INFO herdr::logging: tab focused event="tab.focus" subsystem="tab" outcome="ok" workspace_id="w8" tab_id="w8:t4"
2026-09-26T14:25:07.915339Z  INFO herdr::logging: tab focused event="tab.focus" subsystem="tab" outcome="ok" workspace_id="w8" tab_id="w8:t4"
2026-09-26T14:25:07.915356Z  INFO herdr::logging: tab focused event="tab.focus" subsystem="tab" outcome="ok" workspace_id="w8" tab_id="w8:t4"
2026-09-26T14:25:08.197360Z  INFO herdr::logging: tab focused event="tab.focus" subsystem="tab" outcome="ok" workspace_id="w8" tab_id="w8:t4"
2026-09-26T14:25:08.197376Z  INFO herdr::logging: tab focused event="tab.focus" subsystem="tab" outcome="ok" workspace_id="w8" tab_id="w8:t4"
2026-09-26T14:25:08.455955Z  INFO herdr::logging: tab focused event="tab.focus" subsystem="tab" outcome="ok" workspace_id="w8" tab_id="w8:t4"
2026-09-26T14:25:08.455970Z  INFO herdr::logging: tab focused event="tab.focus" subsystem="tab" outcome="ok" workspace_id="w8" tab_id="w8:t4"
2026-09-26T14:25:08.701293Z  INFO herdr::logging: tab focused event="tab.focus" subsystem="tab" outcome="ok" workspace_id="w8" tab_id="w8:t4"
2026-09-26T14:25:08.701308Z  INFO herdr::logging: tab focused event="tab.focus" subsystem="tab" outcome="ok" workspace_id="w8" tab_id="w8:t4"
2026-09-26T14:25:08.948439Z  INFO herdr::logging: tab focused event="tab.focus" subsystem="tab" outcome="ok" workspace_id="w8" tab_id="w8:t4"
2026-09-26T14:25:08.948452Z  INFO herdr::logging: tab focused event="tab.focus" subsystem="tab" outcome="ok" workspace_id="w8" tab_id="w8:t4"
2026-09-26T14:25:09.326053Z  INFO herdr::logging: tab focused event="tab.focus" subsystem="tab" outcome="ok" workspace_id="w8" tab_id="w8:t4"
2026-09-26T14:25:09.326070Z  INFO herdr::logging: tab focused event="tab.focus" subsystem="tab" outcome="ok" workspace_id="w8" tab_id="w8:t4"
2026-09-26T14:25:09.676100Z  INFO herdr::logging: tab focused event="tab.focus" subsystem="tab" outcome="ok" workspace_id="w8" tab_id="w8:t4"
2026-09-26T14:25:09.676119Z  INFO herdr::logging: tab focused event="tab.focus" subsystem="tab" outcome="ok" workspace_id="w8" tab_id="w8:t4"
2026-09-26T14:25:09.995241Z  INFO herdr::logging: tab focused event="tab.focus" subsystem="tab" outcome="ok" workspace_id="w8" tab_id="w8:t4"
2026-09-26T14:25:09.995259Z  INFO herdr::logging: tab focused event="tab.focus" subsystem="tab" outcome="ok" workspace_id="w8" tab_id="w8:t4"
2026-09-26T14:25:10.312413Z  INFO herdr::logging: tab focused event="tab.focus" subsystem="tab" outcome="ok" workspace_id="w8" tab_id="w8:t4"
2026-09-26T14:25:10.312430Z  INFO herdr::logging: tab focused event="tab.focus" subsystem="tab" outcome="ok" workspace_id="w8" tab_id="w8:t4"
2026-09-26T14:25:11.808648Z  INFO herdr::logging: tab focused event="tab.focus" subsystem="tab" outcome="ok" workspace_id="w8" tab_id="w8:t4"
2026-09-26T14:25:11.808666Z  INFO herdr::logging: tab focused event="tab.focus" subsystem="tab" outcome="ok" workspace_id="w8" tab_id="w8:t4"
2026-09-26T14:25:16.811205Z  INFO herdr::logging: session saved event="persist.save" subsystem="persist" outcome="ok" path=/home/tylerkilburn/.config/herdr/session.json workspaces=2
2026-09-26T14:25:27.858802Z  INFO herdr::logging: tab focused event="tab.focus" subsystem="tab" outcome="ok" workspace_id="w8" tab_id="w8:t4"
2026-09-26T14:25:27.858824Z  INFO herdr::logging: tab focused event="tab.focus" subsystem="tab" outcome="ok" workspace_id="w8" tab_id="w8:t4"
2026-09-26T14:25:28.220753Z  INFO herdr::logging: tab focused event="tab.focus" subsystem="tab" outcome="ok" workspace_id="w8" tab_id="w8:t4"
2026-09-26T14:25:28.220768Z  INFO herdr::logging: tab focused event="tab.focus" subsystem="tab" outcome="ok" workspace_id="w8" tab_id="w8:t4"
2026-09-26T14:25:28.478890Z  INFO herdr::logging: tab focused event="tab.focus" subsystem="tab" outcome="ok" workspace_id="w8" tab_id="w8:t4"
2026-09-26T14:25:28.478906Z  INFO herdr::logging: tab focused event="tab.focus" subsystem="tab" outcome="ok" workspace_id="w8" tab_id="w8:t4"
2026-09-26T14:25:28.760802Z  INFO herdr::logging: tab focused event="tab.focus" subsystem="tab" outcome="ok" workspace_id="w8" tab_id="w8:t4"
2026-09-26T14:25:28.760815Z  INFO herdr::logging: tab focused event="tab.focus" subsystem="tab" outcome="ok" workspace_id="w8" tab_id="w8:t4"
2026-09-26T14:25:31.919832Z  INFO herdr::logging: tab focused event="tab.focus" subsystem="tab" outcome="ok" workspace_id="w8" tab_id="w8:t4"
2026-09-26T14:25:31.919851Z  INFO herdr::logging: tab focused event="tab.focus" subsystem="tab" outcome="ok" workspace_id="w8" tab_id="w8:t4"
2026-09-26T14:25:32.241004Z  INFO herdr::logging: tab focused event="tab.focus" subsystem="tab" outcome="ok" workspace_id="w8" tab_id="w8:t4"
2026-09-26T14:25:32.241020Z  INFO herdr::logging: tab focused event="tab.focus" subsystem="tab" outcome="ok" workspace_id="w8" tab_id="w8:t4"
2026-09-26T14:25:32.611490Z  INFO herdr::logging: tab focused event="tab.focus" subsystem="tab" outcome="ok" workspace_id="w8" tab_id="w8:t4"
2026-09-26T14:25:32.611507Z  INFO herdr::logging: tab focused event="tab.focus" subsystem="tab" outcome="ok" workspace_id="w8" tab_id="w8:t4"
2026-09-26T14:25:32.894761Z  INFO herdr::logging: tab focused event="tab.focus" subsystem="tab" outcome="ok" workspace_id="w8" tab_id="w8:t4"
2026-09-26T14:25:32.894777Z  INFO herdr::logging: tab focused event="tab.focus" subsystem="tab" outcome="ok" workspace_id="w8" tab_id="w8:t4"
2026-09-26T14:25:35.363079Z  INFO herdr::logging: tab focused event="tab.focus" subsystem="tab" outcome="ok" workspace_id="w8" tab_id="w8:t4"
2026-09-26T14:25:35.363124Z  INFO herdr::logging: tab focused event="tab.focus" subsystem="tab" outcome="ok" workspace_id="w8" tab_id="w8:t4"
2026-09-26T14:25:36.594960Z  INFO herdr::logging: pane child exited event="pane.exit" subsystem="pane" outcome="completed" pane_id=26 status="ExitStatus { code: 0, signal: None }"
2026-09-26T14:25:36.595099Z  INFO herdr::pane: pane session terminated pane=26 pid=48622 signal=Hangup
2026-09-26T14:25:39.732434Z  INFO herdr::logging: tab focused event="tab.focus" subsystem="tab" outcome="ok" workspace_id="w8" tab_id="w8:t2"
2026-09-26T14:25:39.732464Z  INFO herdr::logging: tab focused event="tab.focus" subsystem="tab" outcome="ok" workspace_id="w8" tab_id="w8:t2"
2026-09-26T14:25:40.822462Z  INFO herdr::logging: tab focused event="tab.focus" subsystem="tab" outcome="ok" workspace_id="w8" tab_id="w8:t4"
2026-09-26T14:25:40.822495Z  INFO herdr::logging: tab focused event="tab.focus" subsystem="tab" outcome="ok" workspace_id="w8" tab_id="w8:t4"
2026-09-26T14:25:44.104661Z  INFO herdr::logging: tab focused event="tab.focus" subsystem="tab" outcome="ok" workspace_id="w8" tab_id="w8:t2"
2026-09-26T14:25:46.652416Z  INFO herdr::logging: tab focused event="tab.focus" subsystem="tab" outcome="ok" workspace_id="w8" tab_id="w8:t4"
2026-09-26T14:25:46.652448Z  INFO herdr::logging: tab focused event="tab.focus" subsystem="tab" outcome="ok" workspace_id="w8" tab_id="w8:t4"
2026-09-26T14:25:48.119613Z  INFO herdr::logging: tab focused event="tab.focus" subsystem="tab" outcome="ok" workspace_id="w8" tab_id="w8:t5"
2026-09-26T14:25:48.119643Z  INFO herdr::logging: tab focused event="tab.focus" subsystem="tab" outcome="ok" workspace_id="w8" tab_id="w8:t5"
2026-09-26T14:25:50.083623Z  INFO herdr::logging: tab focused event="tab.focus" subsystem="tab" outcome="ok" workspace_id="w8" tab_id="w8:t2"
2026-09-26T14:25:51.785756Z  INFO herdr::logging: tab focused event="tab.focus" subsystem="tab" outcome="ok" workspace_id="w8" tab_id="w8:t2"
2026-09-26T14:25:54.393667Z  INFO herdr::logging: tab focused event="tab.focus" subsystem="tab" outcome="ok" workspace_id="w8" tab_id="w8:t2"
2026-09-26T14:25:59.394750Z  INFO herdr::logging: session saved event="persist.save" subsystem="persist" outcome="ok" path=/home/tylerkilburn/.config/herdr/session.json workspaces=2
2026-09-26T14:26:06.062813Z  INFO herdr::logging: tab renamed event="tab.rename" subsystem="tab" outcome="ok" workspace_id="w8" tab_id="w8:t2"
2026-09-26T14:26:10.801847Z  INFO herdr::logging: tab renamed event="tab.rename" subsystem="tab" outcome="ok" workspace_id="w8" tab_id="w8:t2"
2026-09-26T14:26:13.584611Z  INFO herdr::logging: tab focused event="tab.focus" subsystem="tab" outcome="ok" workspace_id="w8" tab_id="w8:t2"
2026-09-26T14:26:13.584630Z  INFO herdr::logging: tab focused event="tab.focus" subsystem="tab" outcome="ok" workspace_id="w8" tab_id="w8:t2"
2026-09-26T14:26:13.789717Z  INFO herdr::logging: tab focused event="tab.focus" subsystem="tab" outcome="ok" workspace_id="w8" tab_id="w8:t2"
2026-09-26T14:26:13.789733Z  INFO herdr::logging: tab focused event="tab.focus" subsystem="tab" outcome="ok" workspace_id="w8" tab_id="w8:t2"
2026-09-26T14:26:14.863801Z  INFO herdr::logging: pane child exited event="pane.exit" subsystem="pane" outcome="completed" pane_id=22 status="ExitStatus { code: 0, signal: None }"
2026-09-26T14:26:14.863927Z  INFO herdr::pane: pane session terminated pane=22 pid=47839 signal=Hangup
2026-09-26T14:26:19.865815Z  INFO herdr::logging: session saved event="persist.save" subsystem="persist" outcome="ok" path=/home/tylerkilburn/.config/herdr/session.json workspaces=2
2026-09-26T14:28:55.226649Z  INFO herdr::logging: checking for updates event="update.check.start" subsystem="update" outcome="started"
2026-09-26T14:34:45.407283Z  INFO herdr::server::headless: client detached client_id=2
2026-09-26T14:34:46.916029Z  INFO herdr::server::headless: client connected client_id=4 cols=170 rows=50 cell_width_px=13 cell_height_px=27 surface_active=true render_encoding=SemanticFrame
2026-09-26T14:34:48.452099Z  INFO herdr::server::headless: client detached client_id=4
2026-09-26T14:34:51.214978Z  INFO herdr::server::headless: client connected client_id=6 cols=170 rows=50 cell_width_px=13 cell_height_px=27 surface_active=true render_encoding=SemanticFrame
2026-09-26T14:36:01.015189Z  INFO herdr::server::headless: client detached client_id=6
2026-09-26T14:36:52.273875Z  INFO herdr::server::headless: client connected client_id=8 cols=192 rows=50 cell_width_px=13 cell_height_px=27 surface_active=true render_encoding=SemanticFrame
2026-09-26T14:43:07.297994Z  INFO herdr::logging: tab focused event="tab.focus" subsystem="tab" outcome="ok" workspace_id="w8" tab_id="w8:t4"
2026-09-26T14:43:07.298039Z  INFO herdr::logging: tab focused event="tab.focus" subsystem="tab" outcome="ok" workspace_id="w8" tab_id="w8:t4"
2026-09-26T14:43:09.669086Z  INFO herdr::logging: tab focused event="tab.focus" subsystem="tab" outcome="ok" workspace_id="w8" tab_id="w8:t2"
2026-09-26T14:43:09.669121Z  INFO herdr::logging: tab focused event="tab.focus" subsystem="tab" outcome="ok" workspace_id="w8" tab_id="w8:t2"
2026-09-26T14:43:10.357225Z  INFO herdr::logging: tab focused event="tab.focus" subsystem="tab" outcome="ok" workspace_id="w8" tab_id="w8:t4"
2026-09-26T14:43:10.357261Z  INFO herdr::logging: tab focused event="tab.focus" subsystem="tab" outcome="ok" workspace_id="w8" tab_id="w8:t4"
2026-09-26T14:43:10.977344Z  INFO herdr::logging: tab focused event="tab.focus" subsystem="tab" outcome="ok" workspace_id="w8" tab_id="w8:t5"
2026-09-26T14:43:10.977380Z  INFO herdr::logging: tab focused event="tab.focus" subsystem="tab" outcome="ok" workspace_id="w8" tab_id="w8:t5"
2026-09-26T14:43:11.610275Z  INFO herdr::logging: tab focused event="tab.focus" subsystem="tab" outcome="ok" workspace_id="w8" tab_id="w8:t2"
2026-09-26T14:43:11.610312Z  INFO herdr::logging: tab focused event="tab.focus" subsystem="tab" outcome="ok" workspace_id="w8" tab_id="w8:t2"
2026-09-26T14:43:12.310074Z  INFO herdr::logging: tab focused event="tab.focus" subsystem="tab" outcome="ok" workspace_id="w8" tab_id="w8:t4"
2026-09-26T14:43:12.310110Z  INFO herdr::logging: tab focused event="tab.focus" subsystem="tab" outcome="ok" workspace_id="w8" tab_id="w8:t4"
2026-09-26T14:43:12.934228Z  INFO herdr::logging: tab focused event="tab.focus" subsystem="tab" outcome="ok" workspace_id="w8" tab_id="w8:t2"
2026-09-26T14:43:12.934276Z  INFO herdr::logging: tab focused event="tab.focus" subsystem="tab" outcome="ok" workspace_id="w8" tab_id="w8:t2"
2026-09-26T14:43:16.292080Z  INFO herdr::logging: tab focused event="tab.focus" subsystem="tab" outcome="ok" workspace_id="w8" tab_id="w8:t4"
2026-09-26T14:43:16.292146Z  INFO herdr::logging: tab focused event="tab.focus" subsystem="tab" outcome="ok" workspace_id="w8" tab_id="w8:t4"
2026-09-26T14:43:16.945430Z  INFO herdr::logging: tab focused event="tab.focus" subsystem="tab" outcome="ok" workspace_id="w8" tab_id="w8:t2"
2026-09-26T14:43:16.945482Z  INFO herdr::logging: tab focused event="tab.focus" subsystem="tab" outcome="ok" workspace_id="w8" tab_id="w8:t2"
2026-09-26T14:43:17.784264Z  INFO herdr::logging: tab focused event="tab.focus" subsystem="tab" outcome="ok" workspace_id="w8" tab_id="w8:t4"
2026-09-26T14:43:17.784319Z  INFO herdr::logging: tab focused event="tab.focus" subsystem="tab" outcome="ok" workspace_id="w8" tab_id="w8:t4"
2026-09-26T14:43:18.404684Z  INFO herdr::logging: tab focused event="tab.focus" subsystem="tab" outcome="ok" workspace_id="w8" tab_id="w8:t2"
2026-09-26T14:43:18.404735Z  INFO herdr::logging: tab focused event="tab.focus" subsystem="tab" outcome="ok" workspace_id="w8" tab_id="w8:t2"
2026-09-26T14:43:19.179693Z  INFO herdr::logging: tab focused event="tab.focus" subsystem="tab" outcome="ok" workspace_id="w8" tab_id="w8:t5"
2026-09-26T14:43:19.179757Z  INFO herdr::logging: tab focused event="tab.focus" subsystem="tab" outcome="ok" workspace_id="w8" tab_id="w8:t5"
2026-09-26T14:43:19.964310Z  INFO herdr::logging: tab focused event="tab.focus" subsystem="tab" outcome="ok" workspace_id="w8" tab_id="w8:t2"
2026-09-26T14:43:19.964369Z  INFO herdr::logging: tab focused event="tab.focus" subsystem="tab" outcome="ok" workspace_id="w8" tab_id="w8:t2"
2026-09-26T14:43:20.949530Z  INFO herdr::logging: tab focused event="tab.focus" subsystem="tab" outcome="ok" workspace_id="w8" tab_id="w8:t4"
2026-09-26T14:43:20.949571Z  INFO herdr::logging: tab focused event="tab.focus" subsystem="tab" outcome="ok" workspace_id="w8" tab_id="w8:t4"
2026-09-26T14:43:21.650092Z  INFO herdr::logging: tab focused event="tab.focus" subsystem="tab" outcome="ok" workspace_id="w8" tab_id="w8:t2"
2026-09-26T14:43:21.650133Z  INFO herdr::logging: tab focused event="tab.focus" subsystem="tab" outcome="ok" workspace_id="w8" tab_id="w8:t2"
2026-09-26T14:43:23.016256Z  INFO herdr::logging: tab focused event="tab.focus" subsystem="tab" outcome="ok" workspace_id="w8" tab_id="w8:t4"
2026-09-26T14:43:23.016295Z  INFO herdr::logging: tab focused event="tab.focus" subsystem="tab" outcome="ok" workspace_id="w8" tab_id="w8:t4"
2026-09-26T14:43:23.783515Z  INFO herdr::logging: tab focused event="tab.focus" subsystem="tab" outcome="ok" workspace_id="w8" tab_id="w8:t2"
2026-09-26T14:43:23.783553Z  INFO herdr::logging: tab focused event="tab.focus" subsystem="tab" outcome="ok" workspace_id="w8" tab_id="w8:t2"
2026-09-26T14:43:24.530226Z  INFO herdr::logging: tab focused event="tab.focus" subsystem="tab" outcome="ok" workspace_id="w8" tab_id="w8:t5"
2026-09-26T14:43:24.530263Z  INFO herdr::logging: tab focused event="tab.focus" subsystem="tab" outcome="ok" workspace_id="w8" tab_id="w8:t5"
2026-09-26T14:43:25.290555Z  INFO herdr::logging: tab focused event="tab.focus" subsystem="tab" outcome="ok" workspace_id="w8" tab_id="w8:t2"
2026-09-26T14:43:25.290595Z  INFO herdr::logging: tab focused event="tab.focus" subsystem="tab" outcome="ok" workspace_id="w8" tab_id="w8:t2"
2026-09-26T14:43:30.292194Z  INFO herdr::logging: session saved event="persist.save" subsystem="persist" outcome="ok" path=/home/tylerkilburn/.config/herdr/session.json workspaces=2
2026-09-26T14:43:33.595757Z  INFO herdr::logging: tab focused event="tab.focus" subsystem="tab" outcome="ok" workspace_id="w8" tab_id="w8:t4"
2026-09-26T14:43:33.595812Z  INFO herdr::logging: tab focused event="tab.focus" subsystem="tab" outcome="ok" workspace_id="w8" tab_id="w8:t4"
2026-09-26T14:43:38.598361Z  INFO herdr::logging: session saved event="persist.save" subsystem="persist" outcome="ok" path=/home/tylerkilburn/.config/herdr/session.json workspaces=2
2026-09-26T14:43:43.978516Z  INFO herdr::logging: pane child exited event="pane.exit" subsystem="pane" outcome="completed" pane_id=3 status="ExitStatus { code: 0, signal: None }"
2026-09-26T14:43:43.978740Z  INFO herdr::pane: pane session terminated pane=3 pid=29094 signal=Hangup
2026-09-26T14:43:45.293936Z  INFO herdr::logging: tab focused event="tab.focus" subsystem="tab" outcome="ok" workspace_id="w8" tab_id="w8:t5"
2026-09-26T14:43:45.293971Z  INFO herdr::logging: tab focused event="tab.focus" subsystem="tab" outcome="ok" workspace_id="w8" tab_id="w8:t5"
2026-09-26T14:43:46.086090Z  INFO herdr::logging: tab focused event="tab.focus" subsystem="tab" outcome="ok" workspace_id="w8" tab_id="w8:t2"
2026-09-26T14:43:46.086122Z  INFO herdr::logging: tab focused event="tab.focus" subsystem="tab" outcome="ok" workspace_id="w8" tab_id="w8:t2"
2026-09-26T14:43:51.087765Z  INFO herdr::logging: session saved event="persist.save" subsystem="persist" outcome="ok" path=/home/tylerkilburn/.config/herdr/session.json workspaces=2
2026-09-26T14:47:37.778384Z  INFO herdr::server::headless: client detached client_id=8
2026-09-26T14:47:40.051510Z  INFO herdr::server::headless: client connected client_id=10 cols=192 rows=50 cell_width_px=13 cell_height_px=27 surface_active=true render_encoding=SemanticFrame
